original_description,amount
COMCAST          7041,19855
Preauthorized Debit STATE FARM RO 2,8294
Preauthorized Debit COMENITY PAY SB,10996
Subscription     Acorns     ***********NUMBER,942
Best Buy #1530,302
BESTBUYCOMNUMBER 03/17 PURCHASE 888-BESTBUY MN,30144
Subscription DES:Acorns ID:HASH INDN:CUSTOMER NAME CO ID:XXXXXNUMBER WEB,314
AT&T,37699
PROGRESSIVE *INSURANCE 06/26 PURCHASE 800-776-4737 OH,130056
AT&T*BILL PAYMENT 214-721-3650 TX            09/07,30473
COMCAST CALIFOR 3055 Comcast Pl 800-266-2278 CAUS,22082
INSTACART,72602
Debit Card BURGER KING #406 SULPHUR SPRI NT ,5564
PAYPAL           INST XFER  GOOGLE GOOGLE S WEB ID: PAYPALSI77,3365
Withdrawal VISA Kindle Unltd*MJ9I40 866-321-8851 WA Date 07/03/20 NUMBER,3465
ACH Payment Acorns Invest Transfer 855-739-2859,15708
BEST BUY         AUTO PYMT  NUMBER WEB ID: CITIAUTFDR,31416
PURCHASE AUTHORIZED ON 08/19 GROUPON INC GROUPON.COM IL SNUMBER CARD NUMBER,16258
PURCHASE AUTHORIZED ON 06/29 Amazon Music*MS7IG 888-802-3080 WA SNUMBER CARD NUMBER,1341
Debit Card Purchase 01/28 11:05p #NUMBER DNH*GODADDY.COM 480-5058855 AZ NUMBER,11417
Amazon Music*MK7YF1832,4709
ANNUAL MEMBERSHIP FEE,29845
GOOGLE*GOOGLE STORAGE,6704
Web Authorized Pmt Affirm.com Payme,31033
VISA DEBIT Kindle Unltd*YA7AF8TL3 866-321-8851 WA Date 04/23/20 NUMBER,3138
AFFIRM.COM PAYME CUSTOMER NAME ACH DEBIT affirm.com ST-HASH,22959
INSTACART SUBSCRIPTION,3138
ELECTRONIC WITHDRAWAL / COMENITY PAY OH WEB PYMT 080120,31416
AT&T*BILL PAYMENT 800-331-0500 TX,29132
DNH*GODADDY.COM          480-5058855  AZ,10047
GEICO DIRECT Bill Payment,64403
BESTBUY.COM,11614
INSTACART 8882467822 CA,14165
PROG SELECT INS DES:INS PREM ID:NUMBER INDN:CUSTOMER NAME CO ID:XXXXXNUMBER  PPD,28545
STATE FARM RO 27/SFPP/010820/PPD,15315
COMCAST CABLE COMM  800-COMCAST         NH,64437
PLAYSTATION NETWORK,13678
Subscription DES:Acorns ID:HASH INDN:EMAIL CO ID:XXXXXNUMBER WEB,942
PAYPAL INST XFER - GODADDY.COM DEBIT,1882
affirm.com Payme affirm.com,6249
COMENITY PAY AC  WEB PYMT   PNUMBER WEB ID: NUMBER,31416
DOORDASH DASHPASS,3138
ACH Payment PLANET FIT CLUB FEES 888-237-9005,6817
ACH W/D: COMENITY PAY OH TYPE: WEB PYMT ID: NUMBER CO: COMENITY PAY OH,40376
Amazon Music*M46Z34KN2,2661
DEBIT FOR  ACORNS INVEST    TRANSFER    CO REF- HASH,3142
PLANET FIT TYPE: CLUB FEES ID: CO: PLANET FIT ACH ECC PPD,3402
PAYPAL INST XFER MICROSOFT STORE,7851
Loan Advance Cre GOOGLE *Google Storage 855-836-3987 CA    Date 02/18/20 NUMBER Card NUMBER,939
AT&T*BILL PAYMENT        214-721-3650 TX,80667
Amazon Music*MS4TO2SN2,1379
Electronic Withdrawal Comcast NUMBER,20103
affirm.com Payme affirm.com NAME,21991
DOORDASH*CHICK-FIL-ASAN FRANCISCO       CA,10157
BESTBUYPHONEPL026104RICHFIELD           MN,1882
GOOGLE*GOOGLE STORAG G.CO HELPPAY#,311
ACH DEBIT XXXXXNUMBER PLANET FIT CLUB FEES,6940
NNT BURGER KING #92931 WAUSEON OH,6538
DOORDASH DASHPASS,1568
DNH*GODADDY.COM,17125
DNH*GODADDY.COM 480-5058855 AZ,5708
Withdrawal TOKEN Trnsctn 05.14 - PlaystationNetwork - PlaystationNetwork 800-3457669 CA,1696
PLAYSTATION NETWORK,939
BILL PAY State FArm Ins. EXP AGENT xxxxxxxCNUMBER ON 07-22,28497
AplPay DOORDASH*BELCSAN FRANCISCO       CA,10330
STATE FARM RO 27 - SFPP,28588
DEBIT CARD PURCHASE XXXXXNUMBER PAYPAL GODADDYCOM XXXXXNUMBER AZ,37661
GODADDY.COM         480-505-8855        AZ,62097
PLANET FIT      CLUB FEES,7565
Kindle Svcs,3346
COMENITY PAY IL DES:WEB PYMT ID:PNUMBER INDN:CUSTOMER NAME CO ID:XXXXXNUMBER WEB,23562
DOORDASH*CLOUD 9 SUSSAN FRANCISCO       CA,12456
AT&T*BILL PAYMENT 8003310500 TX,4238
Withdrawal PAYPAL *PLAYSTATION 402-935-7733 CA Date 05/13/20 NUMBER NUMBER,3280
GOOGLE *GOOGLE STORAGE 855-836-3987 CA HASH,625
POS EXA BEST BUY #360 WILLISTON VT,82627
GODADDY.COM         480-505-8855        AZ,7502
ANNUAL MEMBERSHIP FEE,141372
PAYPAL           INST XFER  HULU            WEB ID: PAYPALSI77,3767
DOORDASH*KETO BAKE &SAN FRANCISCO       CA,9315
ANNUAL MEMBERSHIP FEE,29845
Debit Card purchase PLAYSTATIONNETWORK NUMBER NUMBER CA,3393
AFFIRM.COM PAYMENTS AFFIRM.COM CAUS,12667
DOORDASH*GYRO XPRESSSAN FRANCISCO       CA,13678
GOOGLE *Google Storage,625
Playstation Network,6044
GOOGLE *GOOGLE STORA855-836-3987        CA,3138
COMENITY PAY OH DES:WEB PYMT ID:PNUMBER INDN:CUSTOMER NAME CO ID:XXXXXNAME WEB,7662
ACH Transaction - GEICO GEICO PYMT NUMBER,5705
POS GROUPON INC / GROUPON.COM ILUS,5256
GEICO  *AUTO,187138
DOORDASH*IHOP       SAN FRANCISCO       CA,7273
BEST BUY BILL PAYMT,25591
COMCAST CABLE COMM  800-COMCAST         OR,10678
ANNUAL MEMBERSHIP FEE,141372
External Withdrawal BEST BUY  - PAYMENT,15708
DEBIT CARD PURCHASE - AT&T*BILL PAYMENT        WWW.ATT.COM  TX,94248
PP*GOOGLE SPOONME,1687
GEICO AUTO          (800)841-3000       DC,24938
GROUPON INC GROUPON.COM   IL C#NUMBER DBT CRD NUMBER 05/09/20 DSL0ISYL,5338
Affirm,8790
ANNUAL MEMBERSHIP FEE,141372
affirm.com Payme affirm.com ST-HASH WEB ID: NUMBER,9293
Microsoft 1 Microsoft Way        Redmond      WAUS,1568
ANNUAL MEMBERSHIP FEE,27960
Subscription DES:Acorns ID:HASH INDN:CUSTOMER NAME CO ID:XXXXXNUMBER WEB,314
KINDLE SVCS*MG8XH18K866-321-8851        WA,2686
BESTBUYCOMNUMBER 888-BESTBUY MN,4335
GOOGLE SERVICES,346
Payment to Microsoft Corporation,3138
RECURRING CHECK CARD PURCHASE DOORDASH DASHPASS          6506819470   CA  ,3138
POS Purchase 07/21 PROGRESSIVE INSURANCE 800 776 4737 OH NUMBER ,21551
POS purchase on 08/25/20 at STATE FARM  INSURANCE - 800-956-6310 IL,13254
AFFIRM.COM PAYME AFFIRM.COM,47542
PAYPAL *GROUPON INC 402-935-7733 KY,27489
COMCAST BOSTON CS 1X,15705
Subscription     Acorns    HASH            WEB ID: NUMBER,628
Kindle Svcs*8E6DM3V13,2824
Point Of Sale Withdrawal GOOGLE *Google Storage Mountain ViewCAUS,625
POS Withdrawal (ELN) PLAYSTATION NETWORK PLAYSTATION NETWORK 800-345-7669 CA(NUMBER),20025
Debit Card Withdrawal: DEBIT CARD AMAZON MUSIC*MK9BU4LA1 440 TERRY AVE N 888 Date DATE NUMBER NUMBER Card NUMBER,3138
"Payment to GoDaddy.com, LLC",1568
Withdrawal Bill Payment #NUMBER / GEICO AUTO WASHINGTON DC %% Card 15 #NUMBER,26330
"Groupon, Inc. 08/31 PURCHASE 312-2886424 IL",5184
ANNUAL MEMBERSHIP FEE,29845
HLU*Hulu NUMBER-U 01/13 PURCHASE HULU.COM/BILL CA,1882
PAYPAL           INST XFER  HULU            WEB ID: PAYPALSI77,3767
Withdrawal Debit Amazon Music*NUMBER 888-802-3080 WA Date DATE NUMBER Card NUMBER,2717
PURCHASE AUTHORIZED ON 07/29 Amazon Music*MV7MD 888-802-3080 WA NUMBER CARD NUMBER,1341
Point Of Sale Withdrawal PLAYSTATIONNETWORK SAN MATEO CAUS,3138
STATE FARM RO 27/SFPP 09 S NUMBER CUSTOMER NAME ,33785
BURGER KING #422 03-21 SPRINGFIE,3327
ACH Electronic Debit - Acorns Invest Transfer NUMBER,1571
Subscription Acorns 052820 HASH CUSTOMER NAME,314
STATE FARM RO 27 SFPP,53046
DEBIT FOR  SUBSCRIPTION     ACORNS      CO REF- HASH,314
PP*GOOGLE GOOGLE STORAGE 402-935-7733 CA,625
PLAYSTATION NETWORK 800-345-7669        CA,16745
PLANET FIT CLUB FEES XXXXXXXXXNUMBER,3142
DC PLAYSTATION NETWORK 800-345-7669 CA Ref:NUMBER Auth:NUMBER PurchDate:09-03-2020,5096
Kindle Unltd*AM1MC3TP 866-321-8851 WA        04/22,3427
POS Debit - Visa Check Card 7908 - MICROSOFT*XBOX REDMOND WA,6726
"Payment to GoDaddy.com, LLC",2007
ShazamChek DB - DDA AMAZON MUSIC*MJ6ZD8C71 888-802-3080 WA #NUMBER,2680
GOOGLE *GOOGLE STORA855-836-3987        CA,625
PAYPAL           INST XFER  PLAYSTATION     WEB ID: PAYPALSI77,3138
Amazon Music*JC9895P03   888-802-3080 WA,1253
MICROSOFT*XBOX      REDMOND,2592
WD: PLANET FIT TYPE: CLUB FEES CO: PLANET FIT,12252
ANNUAL MEMBERSHIP FEE,31102
Payment to Microsoft Corporation,2366
AT&T*BILL PAYMENT        800-331-0500 TX,54818
INSTACART           SAN FRANCISCO       CA,73752
affirm.com Payme,6673
AT&T MOBILE RECURRIN800-288-2020        TX,58914
DEBIT CARD PURCHASE MERCHANT PURCHASE TERMINAL  NUMBER PLAYSTATION NETWO DEBIT CARD PURCHASE,3333
COMENITY PAY RD  WEB PYMT,720229
GOOGLE*GOOGLE STORAG G.CO HELPPAY#,625
ACH Electronic Debit - PLANET FIT CLUB FEES,3142
STATE FARM RO 27 SFPP ** S ******NUMBER ,41733
Amazon Music*MU18K68Q0,4417
PLANET FIT 860-447-2279 CLUB FEES 860-447-2279,6698
GOOGLE *Google Storage,666
MICROSOFT*XBOX LIVE GOL,3336
NUMBER POS PURCHASE BURGER KING #790 https://prod. NE XXXXNUMBER XXNUMBER,8137
Bill Paid-BEST BUY COMPANY STRING Conf #NUMBER,10213
BURGER KING #6877 HIALEAH FL                 08/20,2014
"Withdrawal REGULAR DEBIT Groupon, Inc. 312-2886424 IL Date 06/16/20 NUMBER NUMBER",7697
ANNUAL MEMBERSHIP FEE,31102
ATT*BILL PAYMENT              POS     800-288-2020  TX US        XXNUMBER,34545
ANNUAL MEMBERSHIP FEE,141372
XXXXXXNUMBER affirm.com ST-HASH CUSTOMER NAME,13091
PLANET FIT,12252
GEICO/GEICO PYMT/200727/WEB,53784
PAYPAL INST XFER GROUPONLIVE,8639
MICROSOFT *XBOX,591
Amazon Music*M44DQ08D2,2510
Withdrawal Debit PROGRESSIVE *INSURANCE 800-776-4737 OH    Date 03/20/20 NUMBER Card NUMBER,51940
Subscription Acorns 083120 HASH CUSTOMER NAME,314
COMCAST DENVER,78540
ANNUAL MEMBERSHIP FEE,29845
Electronic Withdrawal Prog Direct Ins,19739
ANNUAL MEMBERSHIP FEE,29845
Debit Card Withdrawal: MasterMoney Card COMENITY BANK 3075 LOYALTY CIR 8002241714 Date 04/11/20 NUMBER NUMBER NUMBER Card NUMBER,9425
- PLANET FIT CLUB FEES,6280
STATE FARM INSURANCEBLOOMINGTON         IL,59024
PLANET FIT CLUB FEES 619-564-6619,7245
BURGER KING #2291 06/07 PURCHASE FORT PIERCE FL,3826
GOOGLE *GOOGLE STORA855-836-3987        CA,314
GODADDY.COM         480-505-8855        AZ,52741
Withdrawal Bill Payment / #NUMBER BESTBUYPHONEPLNUMBER 800-4335778 MN,2639
STATE FARM INSURANCEBLOOMINGTON         IL,24674
Kindle Unltd*BE1EU3B73,12563
AT&T *PAYMENT 800-288-2020 TX,19205
BURGER KING #16422,3000
Payment to Microsoft Corporation,4967
Kindle Svcs,4615
DOORDASH DASHPASS   SAN FRANCISCO       CA,3138
DEBIT FOR  PAYPAL           INST XFER   CO REF- GOOGLE GOOGLE S,625
 Card purchase INSTACART 8882467822 CA 07-29-2020,4128
Debit Card Debit INSTACART*ALDI HTTPSINSTACAR CA #NUMBER,18542
PLANET FIT TYPE: CLUB FEES ID: CO: PLANET FIT,3402
GROUPON INC GROUPON.COM IL                   06/21,17370
KINDLE UNLTD*5I81E4CX3 866-321-8851 WA HASH,3138
BURGER KING #2366 04/20 PURCHASE TEXAS CITY TX,8288
Network Purchase STATE FARM INSURANCE 800-956-6310 IL 36981,33097
ANNUAL MEMBERSHIP FEE,29845
ACH Acorns Invest Transfer 855-739-2859,1690
AplPay INSTACART    SAN FRANCISCO       CA,11206
GROUPON INC,15551
Kindle Svcs*MC5PW8290,1960
PLANET FIT 774-888-0032 CLUB FEES 774-888-0032,6280
Amazon Music*M44ZI7DE2,1253
Microsoft 1 Microsoft Way Redmond WA,336
Withdrawal Signature POS / GROUPON INC GROUPON.COM IL Date 03/23/20 NUMBER NUMBER %% Card 15 #NUMBER,2507
PAYPAL *MICROSOFT XBOX / 402-935-7733 WAUS : POS Transaction,3138
INSTACART SUBSCRIPTION,3138
POS SIG 08/29 VISA #NUMBER Amazon Music*MM83722E0 888-802-3080 WA,2711
COMCAST CALIFORNIA,36113
MICROSOFT*X MSBILL.INFO   WA C#NUMBER ,3346
Point Of Sale Withdrawal Kindle Unltd*MV6X1 866-321-8851 WAUS,3138
Subscription     Acorns     HASH          WEB ID: NUMBER,314
BESTBUYCOMNUMBER 888-BESTBUY MN USA,10081
Amazon Music*MK7UD12M0,4709
PP*GOOGLE GOOGLE STORAGE 402-935-7733 CA,625
KINDLE SVCS*0L9HL8QU866-321-8851        WA,4024
NUMBER / PlaystationNetwork 800-3457669 CAUS : POS Transaction,3138
AT&T*BILL PAYMENT 05/07 PURCHASE 800-331-0500 TX,82391
GOOGLE* Google Storage,625
PLANET FIT DES:CLUB FEES ID:XXXXXNUMBER INDN:CUSTOMER NAME CO ID:XXXXXNUMBER PPD PMT INFO:NUMBER,6299
COMCAST,15708
Kindle Unltd*MM4BO1UV1,3405
DOORDASH DASHPASS 6506819470 CA,3138
PAYPAL *BURGER KING #3007,3110
COMCAST,31400
POS/Tran / STATE FARM  INSURAN 8009566310      ILUS,44108
GROUPON INC         877-788-7858        IL,9491
Kindle Unltd*5T0RQ7543,3311
"DNH*GODADDY. REF# NUMBER 480-5058855,AZ Card ending in NUMBER",11417
Amazon Music*VH8J33JI3 888-802-3080 WA Date DATE NUMBER Card 17 #NUMBER,4709
POS Debit - Visa Check Card NUMBER - BURGER KING #11387 LAUREL MD,2761
MICROSOFT XBOX REDMOND WA,1662
DOORDASH DASHPASS 6506819470 CA,3138
State Farm Insurance,13848
BESTBUYPHONEPL00026104 800-4335778 MN,1253
DEBIT FOR  BEST BUY         RETRY PYMT  CO REF- NUMBER,39270
Point Of Sale Withdrawal  1 Microsoft Way        RedmondWAUS,12563
COMENITY PAY IL  WEB PYMT CUSTOMER NAME,31416
AT&T MOBILE RECURRIN800-288-2020        TX,78581
Payment to Hulu,1882
Microsoft 1 Microsoft Way Redmond WA,1568
PROG DIRECT INS DES:INS PREM ID:XXXXXNUMBER CUSTOMER NAME INDN:CUSTOMER NAME CO ID:XXXXXNUMBER PPD,57922
PURCHASE NUMBER PLAYSTATION NETWORK 800-345-7669   CA VNT NUMBER,1571
BURGER KING         BELLFLOWER          CA,12252
Withdrawal Debit Card/DOORDASH DASHPASS WWW.DOORDASH. CA Date 06/24/20 NUMBER 5812,3138
Payment to Hulu,14894
INSTACART*ALDI 09/20 PURCHASE 8882467822 CA,29192
1800948598 affirm.com ST-HASH AT,12057
DEBIT CARD DEBIT / 10-16-2020 BURGER KING #2209 BISMARCK ND Eff. Date:,4722
ACH Payment PROG DIRECT INS INS PREM BRANCH09DEBIT ACH,31636
HLU*HULU NUMBER-,29833
AMAZON MUSIC*MJ05D7I888-802-3080        WA,2677
XX8986 VISA PURCHASE GEICO *AUTO 800-841-3000 DC XXXX0000 XXNUMBER,114046
DOORDASH DASHPASS,3138
BURGER KING #24010,336
affirm.com Payme affirm.com ST-HASH WEB ID: NUMBER,111146
STATE FARM INSURANCE,23248
GROUPON INC,26235
PP*GOOGLE GOOGLE STORAG 402-935-7733 CA,6280
PAYPAL *GODADDY.COM       4805058855 063,5708
Kindle Unltd*DM3D47ZZ3,3138
COMCAST             800-934-6489        MI,63752
Point Of Sale Withdrawal STRING GEICO  xNUMBER CHEVY CHASE   MD,1561
Instacart Subscription,3138
PAYPAL/INST XFER / GODADDY.COM,10358
#000004 MICROSOFT 1 MICROSOFT WAY REDMOND WA Card 15 #NUMBER,5005
AT&T*BILL PAYMENT 214-721-3650 TX,95922
KINDLE SVCS*T64EW5DH866-321-8851        WA,330
ANNUAL MEMBERSHIP FEE,29845
POS DEBIT  04/19    BURGER    KING #11583 CLARKSBURG WV,2746
Payment to Microsoft Corporation,3286
PURCHASE AUTHORIZED ON 09/01 BURGER KING #6461 BILOXI MS ,1813
PROG SELECT INS/INS PREM,40357
GROUPON INC,7854
Kindle Svcs*MY7F49J40,4392
PAYPAL *GODADDY.COM,8847
PLAYSTATION NETWORK,2510
GEICO *AUTO 04/01 PURCHASE 800-841-3000 DC,32742
DOORDASH*CAFE DE THASAN FRANCISCO       CA,25060
"Payment to GoDaddy.com, LLC",3138
Payment to Progressive Direct Insurance,48327
Payment to Microsoft Corporation,4992
ACH DEBIT  affirm.com affirm.com Payme  TRACE NO: NUMBER,14838
BEST BUY      NUMBER SCOTTSDALE AZ NUMBER  03/23,613
Debit Card Withdrawal : GROUPON INC GROUPON.COM IL Date 01/19/20 NUMBER NUMBER %% Card 15 #NUMBER,15315
Amazon Music*Mf6 A43 Iu2,2843
INSTACART,41466
DDA PUR SIE*PLAYST SIE*PLAYSTATIONNETW 877-971-7669 CA   #NUMBER,3380
"DIRECT WITHDRAWAL, PROG MAX INS CO INS PREM",141629
POS Transaction / GROUPON INC GROUPON.COM ILUS,1568
Card purchase Microsoft 2020-05-01 Redmond WA Utilities,4081
BESTBUYCOMNUMBER 888-BESTBUY MN - NUMBER,19029
POS Transaction / NUMBER PLAYSTATION NETWORK 800-345-7669 CAUS,2384
ACH Payment PROG DIRECT INS INS PREM BRANCH13DEBIT ACH,8536
ANNUAL MEMBERSHIP FEE,29845
BEST BUY         PAYMENT    NUMBER WEB ID: CITICTP,8796
External Withdrawal BEST BUY  - AUTO PYMT,15708
PREAUTHORIZED DEBIT ACORNS INVEST TRANSFER WEB CUSTOMER NAME HASH,3204
"Payment to Best Buy Co., Inc.",57912
Amazon Music*MF5L97NA0,2721
Withdrawal INSTACART HTTPSINSTACAR CA Date 10/15/20 NUMBER,5633
Payment to Sony Interactive Entertainment Network America LLC,11649
DOORDASH*GJUSTA     SAN FRANCISCO       CA,21655
PLAYSTATION NETWORK,3138
Card Purchase - AT&T*BILL PAYMENT,65399
MICROSOFT XBOX,336
BURGER KING #10464 BOISE ID                  07/24,2095
BEST BUY      NUMBER SCOTTSDALE AZ NUMBER  03/26,751
Payment to Groupon Inc,15394
At&T*Bill Payment,200534
XXNUMBER POS PURCHASE AT BESTBUYCOMXXNUMBER 888-BESTBUY MN XXXXNUMBER XXMNUMBER,18149
DEBIT External Withdrawal - PROG DIREC - MEMO=External Withdrawal - PROG DIRECT INS BRANCH16DEBIT ACH - INS PREM,51638
GEICO  *AUTO 800-841-3000 DC                 03/23,37573
Withdrawal @ CA 402 935 7733 PP*GOOGLE GOOGLE STUSPP*GOOGLE GOOGLE Trace #NUMBER DEBIT,308
UNITED FIN CAS   INS PREM                   PPD ID: NUMBER,28221
GOOGLE *GOOGLE STORA855-836-3987        CA,625
PAYPAL *GROUPON INC,15975
"Payment to GoDaddy.com, LLC",6695
DNH*GODADDY.COM 480-5058855 AZ               08/31,11417
Payment to Microsoft Corporation,3333
PlaystationNetwork,7851
INSTACART HTTPSINSTACARCA,2966
GOOGLE *Google Storage,625
Microsoft*Xbox msbill.info WA,3365
PAYPAL           INST XFER  GODADDY.COM     WEB ID: PAYPALSI77,13302
COMENITYCARD PAY CHECK PYMT NUMBER,12566
affirm.com affirm.com Payme CUSTOMER NAME,9975
ACH Payment STATE FARM RO 27 SFPP,12284
HLU*Hulu NUMBER HULU.COM/BILL CA        09/01,3767
ACH Transaction - GEICO PREM COLL NUMBER,72461
AT&T*BILL PAYMENT 800-331-0500 TX            03/23,161145
Point Of Sale Withdrawal NUMBER Amazon Music*MM42O07Q0 888-802-3080 WAUS,1348
DOORDASH DASHPASS WWW.DOORDASH. CA Card NUMBER/Withdrawal Bill Payment #0NUMBER ,3138
Card Hold; Kindle Unltd 866-321-8851 WAUS,3138
ATT              Payment    ***********PAYJ,126958
PAYPAL *GROUPON INC      402-935-7733 KY,10179
GROUPON INC,18850
"Payment to Best Buy Co., Inc.",101078
Instacart Httpsinstacar Ca,23571
GOOGLE *Google Storage,625
INSTACART 11/08 PURCHASE 8882467822 CA,76017
BESTBUYCOMNUMBER 888-BESTBUY MN,136342
GROUPON INC         877-788-7858        IL,1568
BURGER KING #9743 781-893-0990 MA,2787
PLANET FIT       CLUB FEES                  PPD ID: NUMBER,7402
Subscription     Acorns     HASH           WEB ID: NUMBER,314
ACH Withdrawal: GEICO TYPE: GEICO PYMT ID: NUMBER CO: GEICO Entry Class Code: WEB ACH Trace Number: NUMBER,26480
STATE FARM  INSURANCE,36603
COMENITY PAY SB  WEB PYMT   PNUMBER WEB ID: NUMBER,471239
PAYPAL DES:INST XFER ID:HULU INDN:CUSTOMER NAME  CO ID:PAYPALSI77 WEB,4078
PROG COUNTY MUT  INS PREM                   PPD ID: NUMBER,40998
Withdrawal / BURGER KING 8863 ISABELA PR Date 07/27/20 ,3453
STATE FARM  INSURANCE,57626
SUBSCRIPTION ACORNS,942
XXNUMBER PURCHASE 01/26 15:45 PlaystationNetwo 800-XXX7669 CA XXXXNUMBER,1005
Subscription     Acorns     HASH          WEB ID: NUMBER,314
GEICO  *AUTO             MACON        DC,29101
POS Withdrawal (FIS) GOOGLE *Google GOOGLE *Google S Mountain View CA(9584),666
MICROSOFT*EA ACCESS 1 ONE MICROSOFT WAY MS,1671
PROG SELECT INS INS PREM / CUSTOMER NAME,5027
DEBIT FOR  STATE FARM RO 27 SFPP        CO REF- 20 S NUMBER,27015
COMENITY CAPITAL BANK,10996
ACH WEBSINGLE PXXXXXNUMBER COMENITY PAY OH WEB PYMT,11624
BEST BUY PAYMENT 200403 NUMBER CUSTOMER NAME,38720
Electronic Withdrawal COMENITY / PAY OH 800-395-5714 - WEB PYMT,21118
MICROSOFT   *ONEDRIVE    MSBILL.INFO  WA,625
Payment to Microsoft Corporation,3138
PAYPAL *MICROSOFT STNUMBER         WA,31413
DOORDASH DASHPASS        WWW.DOORDASH.CA,3138
KINDLE SVCS*DR9G59W5866-321-8851        WA,3138
POS  PROGRESSIVE INS    800-776-4737   OHUS,67246
"Payment to GoDaddy.com, LLC",6337
"CC SALES DRAFTSTATE FARM INSURANCE , 800-956-6310 , IL 0000",88392
Kindle Unltd*M47TK3KQ3,3437
DEBIT CARD DEBIT / ref #NUMBER auth #NUMBER 06-02-2020 PROGRESSIVE *INSURANCE 800-776-4737 OH Eff. Date:,26034
COMCAST                       POS     800-COMCAST   NJ US        XX5372,33892
External Withdrawal WEB - / affirm.com Payme - affirm.com CUSTOMER NAME,10996
AMAZON MUSIC*MM88G80C1,4709
ACH Payment PLANET FIT CLUB FEES 706-391-6209,6299
AT&T*BILL PAYMENT,53325
Subscription DES:Acorns ID:NUMBER INDN:CUSTOMER NAME CO ID:XXXXXNUMBER WEB,314
VISA DEBIT Amazon Music*M409F4A70 888-802-3080 WA Date DATE NUMBER NUMBER,4709
DNH*GODADDY.COM 480-5058855 AZ,1568
BEST BUY         PAYMENT    NUMBER WEB ID: CITICTP,31416
Payment to DNH*GODADDY.COM,3138
ATM Debit Kindle Svcs*190UI6723 440 Terry Ave N 866-321-8851 WAUS,2840
POS DEB NUMBER 04/09/20 NUMBER GOOGLE *GOOGLE STO MOUNTAIN VIEWCA CARD# NUMBER,939
PAYPAL *GODADDY.COM,11417
POS Withdrawal (ELN) PLAYSTATION NETWORK PLAYSTATION NETWORK 800-345-7669 CA(NUMBER),3138
DOORDASH DASHPASS 650-681-9470 CA,3138
ANNUAL MEMBERSHIP FEE,141372
49247 VISA DEBIT PURC GROUPON INC GROUPON.COM IL NUMBER,4712
PLAYSTATION NETWORK      800-345-7669 CA,20691
BEST BUY         PAYMENT CUSTOMER NAME,15708
BURGER KING #21770 FAIRMONT WV Sale,8401
ANNUAL MEMBERSHIP FEE,29845
MICROSOFT XBOX REDMOND WA,14982
Microsoft*Office 365 H msbill.info WA        02/02,34005
ANNUAL MEMBERSHIP FEE,29845
Planet Fitness,6299
Burger King,1404
GODADDY.COM         480-505-8855        AZ,8592
BEST BUY            EL SEGUNDO          CA,46621
Comenity Bank,106996
PROG DIRECT INS INS PREM XXXXXNUMBER CUSTOMER NAME DEBIT,22849
Amazon Music*M42 G32 Kt1,311
ACH WEB-SINGLE MICROSOFT XBOX PAYPAL INST XFER,5426
INSTACART 8882467822 Digital Account Number XXXXXXXXXXXXNUMBER,24030
CAVIAR*BLUE RIBBON FSAN FRANCISCO       CA,18350
Amazon Music*MJ77C70P1,2510
SIE*PLAYSTATIONNETWORK,3138
6130 Planet Fitness,10072
1004 PURCHASE MICROSOFT*CONSOL MSBILL.INFO WA XXXX1150 XX1004,3138
PREM COLL  GEICO PPD,9576
HLU*Hulu NUMBER HULU.COM/BILL CA        03/10,2036
PAYPAL *PLAYSTATION 02/27 PURCHASE 402-935-7733 CA,9422
Payment to Groupon Inc,9183
DNH*GODADDY.COM 06/28 PURCHASE 480-5058855 AZ,1568
ACH WITHDRAWAL - STATE FARM RO 27 SFPP       ***********NUMBER,29773
POS Withdrawal (FIS) Amazon Music*MM Amazon Music*MM2DF5 888-802-3080 WA(NUMBER),1253
PROGRESSIVE *INSURA 6300 800-776-4737 OH 00000000,194242
"ACH Withdrawal GEICO, PREM COLL, CUSTOMER NAME ",55889
INSTACART 8882467822 CA                      09/18,48487
PURCHASE AUTHORIZED ON 06/23 INSTACART SUBSCRIP HTTPSINSTACAR CA NUMBER CARD NUMBER,3138
AplPay DOORDASH*SHAKSAN FRANCISCO       CA,8966
Kindle Unltd*MF9BA9NM0 866-321-8851 WA,3138
GEICO           NUMBER PREM C,268908
NUMBER POS PURCHASE Microsoft*Xbox Redmond WA XXXX0000 XXNUMBER,1665
SUBSCRIPTION     ACORNS,314
COMENITY PAY UR  WEB PYMT   NUMBER,26389
ACH Electronic Debit - Subscription Acorns HASH ,314
POS Payment BEST BUY #17 SIOUX FALLS SD #NUMBER,21743
STATE FARM INSURANCEBLOOMINGTON         IL,37171
COMCAST/XFINITY,22236
GOOGLE *Google Storag 855-836-3987 CA        06/29,6280
Amazon Music*2T0FQ1IB1,51023
PAYPAL *MICROSOFT MI8006427676          WA,3138
GROUPON INC GROUPON.COM IL Date 05/15/20 NUMBER NUMBER Card NUMBER,6660
PURCHASE AUTHORIZED ON 06/22 INSTACART SUBSCRIP HTTPSINSTACAR CA NUMBER CARD NUMBER,3138
Withdrawal Debit PLAYSTATION NETWORK 800-345-7669 CA Date 07/10/20 NUMNER NUMBER Card 27 #NUMBER,3138
COMENITY PAY OH WEB PYMT PNUMBER,18925
PURCHASE AUTHORIZED ON 06/18 GROUPON INC GROUPON.COM IL SNUMBER CARD NUMBER,7578
ACH Transaction - Acorns Invest Transfer NUMBER,4304
DBT CRD 16:55 08/09/20 NUMBER PAYPAL *GROUPON INC 402-935-7733 KYUS CARD# NUMBER,6440
GOOGLE*GOOGLE STORAGE INTERNET,625
Check Card: PLAYSTATION NETWORK Check Card: PLAYSTATION NETWORK 800-345-7669 CA 04/19/20,6280
AplPay DOORDASH*NANDSAN FRANCISCO       CA,8143
PlaystationNetwork 800-3457669 CA            05/09,20518
STATE FARM  INSURANCE,272062
Debit Card W/D GELSONS VIA INSTACART 8882467822 CA Date 06/16/20 NUMBER,28573
Withdrawal ACH PROG SELECT INS/TYPE: INS PREM ID: NUMBER DATA: BRANCH02DEBIT ACH CO: PROG SELECT INS DEBIT,44504
ANNUAL MEMBERSHIP FEE,141372
DEBIT CARD DEBIT NUMBER Microsoft*Xbox Redmond WA,8281
RECURRING PAYMENT AUTHORIZED ON 08/03 GOOGLE *Google Sto 855-836-3987 CA ,3138
PROGRESSIVE *INSURANCE 800-776-4737 OH,32380
PROGRESSIVE *INSURANCE 800-776-4737 OH,417204
STATE FARM INSURANCE 800-956-6310 IL,22990
DBT CRD 0501 09/14/20 NUMBER GOOGLE*GOOGLE STORAGE INTERNET      CA,625
COMCAST CALIFORNIA 800-COMCAST CA            02/10,15391
GROUPON INC GROUPON.COM IL                   01/29,13817
"Best Buy Co., Inc.",56278
MICROSOFT*XBOX LIVE GO MSBILL.INFO WA,3138
Payment to BURGER KING #2538,1665
ANNUAL MEMBERSHIP FEE,172788
INSTACART,68198
Subscription     Acorns     ***********HASH,314
STATE FARM INSURANCE 09/02 PURCHASE 800-956-6310 IL,37878
AT&T*BILL PAYMENT,87946
NST BEST BUY #2,43084
Amazon Music*203LM8TB1,1253
Kindle Svcs*M79B67KW0,3911
Subscription 855-739-2859 Acorns,314
AplPay DOORDASH*SOFRSAN FRANCISCO       CA,10119
COMENITY PAY OH  WEB PYMT   ***********NUMBER,10996
affirm.com Payme affirm.com ST-HASH CUSTOMER NAME,13635
ATT              Payment nora indovina,106443
GEICO DES:GEICO PYMT ID:NUMBER INDN:CUSTOMER NAME CO ID:XXXXXNUMBER WEB,23568
ANNUAL MEMBERSHIP FEE,29845
COMCAST JACKSONVILLE 800-266-2278 FL HASH,58679
PROGRESSIVE INS 800-776-4737 OH NUMBER,34463
Recurring POS MICROSOFT*XBOX REDMOND WA #8011,3396
Sony Playstation,6676
GEICO *AUTO 02/07 PURCHASE MACON DC,9425
BURGER KING #1498 Q07 MEADVILLE XXXX-XXXX-XXXX-NUMBER,892
COMENITY PAY OH  WEB PYMT   PNUMBER WEB ID: NUMBER,9739
ATT*BILL PAYMENT,15708
DOORDASH*TASTE OF ASSAN FRANCISCO       CA,8011
BURGER KING #22766,1360
Kindle Unltd*M43TR8XM0,3138
DOORDASH*SSAL       SAN FRANCISCO       CA,6418
AC-affirm.com Payme-affirm.com,30866
CHECK CARD PURCHASE DNH*GODADDY.COM            480-5058855  AZ  ,2677
GEICO AUTO          (800)841-3000       DC,39703
HLU*HULU NUMBER,15787
DEBIT ACH TRANS : affirm.com Payme;060 - MEMO=ACH TRANS : affirm.com Payme;060820;affirm.com,11740
BEST BUY         AUTO PYMT  NUMBER WEB ID: CITIAUTFDR,15080
ANNUAL MEMBERSHIP FEE,29845
DNH*GODADDY.COM,5708
Amazon Music*MK8QO3 888-802-3080 WA Debit Card Withdrawal: Debit Card,2692
PURCHASE / auth #655031 03-21-2020 KINDLE SVCS*AL6KH5583 866-321-8851 WA NUMBER,311
AplPay CAVIAR*STONEMSAN FRANCISCO       CA,9013
COMCAST CABLE COMM  800-COMCAST         WA,87965
ACH Electronic Debit - PLANET FIT CLUB FEES ,6695
Hulu,3767
DOORDASH DASHPASS 650-681-9470 CA,3138
Google*Google Storage,625
Kindle Unltd*MY6F49YN2,3138
HLU*Hulu NUMBER-U,3767
GEICO AUTO          (800)841-3000       DC,5912
PLAYSTATION NETWORK,6280
GEICO  *AUTO,28070
DNH*GODADDY.COM,42283
Groupon Inc,2447
ACH DEBIT XXXXXNUMBER CUSTOMER NAME PROG ADVANCED INS PREM,38664
Google *google Stormountain Vca,666
ACH WEB-SINGLE HASH ACORNS INVEST TRANSFER,6283
Payment to Groupon Inc,7650
ANNUAL MEMBERSHIP FEE,141372
Point Of Sale Withdrawal PLAYSTATION NETWORK800-345-7669 CAUS No Category,924
GROUPON INC GROUPON.COM IL HASH,1568
STATE FARM  INSURANCE,57589
AT&T MOBILE RECURRIN800-288-2020        TX,5005
INSTACART 11/07 PURCHASE HTTPSINSTACAR CA,46417
STATE FARM  INSURANCE,40841
WITHDRAWAL PLANET FIT TYPE: CLUB FEES DATA: 717-761-1202,6908
ACH & Preauth debits Acorns Invest Transfer 855-739-2859,1571
affirm.com Payme,8988
"Groupon, Inc. 07/05 PURCHASE 312-2886424 IL",1568
POS Withdrawal - COMCAST 800-934-6489 MIUS,77384
GODADDY.COM         480-505-8855        AZ,5708
Payment to Sony Interactive Entertainment Network America LLC,18846
PAYPAL           INST XFER  GODADDY.COM     WEB ID: PAYPALSI77,3195
ELECTRONIC PAYMENT Acorns Invest Transfer 200408 ELECTRONIC PAYMENT,1838
ANNUAL MEMBERSHIP FEE,29845
"INSTACART 8882467822, CA, US",17967
ACH Electronic Debit - Acorns Invest Transfer HASH,1571
PREM COLL  GEICO PPD,58361
PURCHASE 07-06 DOORDASH*BURGER KING WWW.DOORDASH.  CA VNT NUMBER,7119
BEST BUY,20420
affirm.com Payme affirm.com ST-HASH 1 CUSTOMER NAME,30178
Microsoft*Xbox,1012
Pending Debit Card Transaction : COMCAST CABLE CO,23615
Electronic PurchasesOtherGROUPON INC GROUPON.COM ILUS Other,1568
ANNUAL MEMBERSHIP FEE,141372
BURGER KING #308 WEST BABYLON NY             04/24,8181
Withdrawal Debit INSTACART HTTPSINSTACAR CA Date 08/22/20 NUMBER Card 15 #NUMBER,13201
GEICO GEICO PYMT,12566
ACH Electronic Debit - PLANET FIT CLUB FEES ,6908
BURGER KING #3123 00ATHENS              GA,5212
KINDLE UNLTD*D79727O866-321-8851        WA,3437
GOOGLE *Google Storage 8558363987 CA,666
AMAZON MUSIC*MV18Q72888-802-3080        WA,1253
GEICO  *AUTO,115444
ACH Payment Acorns Invest Transfer 855-739-2859,2356
External Withdrawal PLANET FIT / 518-822-8200 - CLUB FEES 518-822-8200,6908
Subscription Acorns HASH ,314
PAYPAL *PLAYSTATION,3138
Burger King,2275
KINDLE SVCS*MS8ZE76I866-321-8851        WA,4078
ANNUAL MEMBERSHIP FEE,172788
GODADDY.COM         480-505-8855        AZ,5708
GOOGLE *GOOGLE STORAGE,625
GOOGLE *GOOGLE STORA855-836-3987        CA,625
COMCAST CALIFORNIA 800-COMCAST CA,28271
MICROSOFT*XBOX LIVE GOLD,3358
Kindle Svcs*TD6UE05I3,3358
Withdrawal PROG DIRECT INS TYPE: INS PREM CO: PROG DIRECT INS,25340
COMCAST 800-COMCAST NJ,12563
Withdrawal Visa Check Card / INSTACART HTTPSINSTACAR CA Date 04/28/20 %% Card 20 #NUMBER,37275
SUBSCRIPTION     ACORNS,314
ACH Withdrawal COMENITY PAY NS 800-395-5714 - WEB PYMT,79168
PLAYSTATION NETWORK 800-345-7669 CA PLAYST,3138
MICROSOFT*XBOX LIVE GOLD MSBILL.INFO WA,3286
"DEBIT CARD PURCHASE AT GOOGLE*GOOGLE STOR, INTERNET, CA ON 081120 FROM CARD#: XXXXXXXXXXXXNUMBER",625
ANNUAL MEMBERSHIP FEE,21677
BURGER KING #12322 OAKDALE LA                07/03,13195
PLAYSTATION NETWORK 800-345-7669 CA Withdrawal Debit Card Signature Debit Date 03/27/20 NUMBER Card 2839 Card Transaction,15705
Payment to Sony Interactive Entertainment Network America LLC,1693
Subscription     Acorns     HASH           WEB ID: NUMBER,942
COMENITY PAY IL  WEB PYMT   PNUMBER WEB ID: NUMBER,13898
WITHDRAW / PROG DIRECT INS INS PREM NUMBER ,58452
INSTACART*ALDI,26320
AMAZON MUSIC*M421D8Z888-802-3080        WA,2680
CLUB FEES PLANET FIT XXX-XXX-NUMBER,13063
ATT              Payment                    PPD ID: NUMBER,71622
PROGRESSIVE *INSURANCE,24819
GEICO  *AUTO,41051
Microsoft*Xbox,3138
DNH*GODADDY.COM,7700
MICROSOFT*MICROSOFT 365 P MSBILL.INFO WA,2350
EFT AUTO PYMT BEST BUY,10053
GEICO            GEICO PYMT UHASH TEL ID: NUMBER,45958
DEBIT FOR  COMENITY PAY OH  WEB PYMT    CO REF- PNAME,78540
GEICO  *AUTO 800-841-3000 DC                 04/26,26722
Subscription     Acorns     HASH            WEB ID: NUMBER,314
ANNUAL MEMBERSHIP FEE,141372
INSTACART 8882467822 CA                      09/21,39578
PLAYSTATIONNETW SAN MATEO CA USA,21988
Payment to Sony Interactive Entertainment Network America LLC,3327
DEBIT CARD PURCHASE  STATE FARM  INSURANCE  800-956-6310   IL,25174
POS NUMBER 1 Microsoft Way Redmond WA,3365
BURGER KING #1525 PORTLAND OR                04/05,1850
COMCAST CABLE COMM 800-COMCAST MN,18850
Withdrawal BEST BUY / TYPE: AUTO PYMT CO: BEST BUY,19164
STATE FARM RO 27,21460
ATT Payment NUMBER,48311
GOOGLE*GOOGLE STORAGE INTERNET CA,666
ABC*PLANET FITNESS  KENNESAW            GA,7245
DNH*GODADDY.COM 480-5058855 AZ,5708
COMENITY PAY OH WEB PYMT 012120 PNUMBER CUSTOMER NAME,15708
MICROSOFT*XBOX      REDMOND,30816
PP*GOOGLE GOOGLE STORAGE 402-935-7733 CA,625
In-process: GEICO               GEICO PYMT   ACH Entry Memo Posted Today,44482
GODADDY.COM         480-505-8855        AZ,39267
CLUB FEES PLANET FIT XXX-XXX-NUMBER,3368
DIRECTDEBIT COMENITY PAY JT     WEB PYMT   032420 PNUMBER WEB S,28274
PROG SELECT INS DES:INS PREM ID:XXXXXNUMBER CUSTOMER NAME INDN:CUSTOMER NAME CO ID:XXXXXNUMBER PPD,33112
PAYPAL *HULU CHK CARD PUR 402-935-7733 CA NUMBER POS,5966
ANNUAL MEMBERSHIP FEE,21677
"DIRECT WITHDRAWAL, PROG MAX INS CO INS PREM",133747
Payment to Hulu,2309
GOOGLE*GOOGLE STORAGE,625
KINDLE SVCS*MC9CX68R866-321-8851        WA,3044
DOORDASH*MCDONALDS  SAN FRANCISCO       CA,5664
ATT*BILL PAYMENT,12563
Withdrawal / Amazon Music*MJ2MC8 888-802-3080 WA Date DATE NUMBER NUMBER %% Card 15 #NUMBER,2510
Subscription Acorns Electronic Withdrawal,314
Best Buy #1530,540
DNH*GODADDY.COM 480-5058855 AZ               09/28,8847
Kindle Svcs*203OX69V3,1929
AT&T*BILL PAYMENT,85819
MICROSOFT*XBOX,12563
affirm.com Payme affirm.com ST-HASH WEB ID: NUMBER,26075
INSTACART           SAN FRANCISCO       CA,57406
BEST BUY         PAYMENT    NUMBER WEB ID: CITICTP,79614
ANNUAL MEMBERSHIP FEE,29845
INSTACART 01/10 PURCHASE HTTPSINSTACAR CA,45569
Subscription DES:Acorns ID:HASH INDN:EMAIL CO ID:XXXXXNUMBER WEB,314
PlaystationNetwor 04/20 PURCHASE San Mateo CA,2036
ACH Electronic Debit - Acorns Invest Transfer HASH,1571
GROUPON INC         877-788-7858        IL,9491
COMCAST                       POS     800-COMCAST   NJ US        XX9091,33892
Kindle Svcs*5H1HR9LP3,3402
Payment to DOORDASH DASHPASS        ,3138
 Card purchase BURGER KING #11055 Q07 LYNDEN WA 10-11-2020,5988
ANNUAL MEMBERSHIP FEE,20420
Kindle Unltd*WA7L08Q23,3138
 Card purchase PLAYSTATION NETWORK 800-345-7669 CA 07-20-2020,6280
AMAZON MUSIC*M42BN86R0 888-802-3080 WA HASH,1335
GOOGLE *Google Storage,3138
RECURRING PAYMENT AUTHORIZED ON 09/17 Microsoft*Xbox msbill.info WA SNUMBER CARD NUMBER,18846
PAYPAL DES:INST XFER ID:PLAYSTATION INDN:CUSTOMER NAME CO ID:PAYPALSI77 WEB,15353
PAYPAL *MICROSOFT XBO 402-935-7733 WA        02/11,1882
ACH Transaction - Subscription Acorns NUMBER,942
AT&T MOBILE RECURRIN800-288-2020        TX,66190
Withdrawal Debit Card Debit Signature/Amazon Music*MM5JC4611 888-802-3080 WA Date DATE 1 NUMBER 6 NUMBER Card J,4992
COMCAST DENVER,103563
GEICO,20892
ACH DEBIT  ATT PAYMENT,58955
PAYPAL *MICROSOFT OF8006427676          WA,2196
POS Withdrawal BURGER KING #83 5345 TRANSIT ROAD WILLIAMSVILLE NY 11582,2516
PLAYSTATION NETWORK,3170
MICROSOFT*XBOX      MSBILL.INFO,939
ACH Payment PROG COUNTY MUT INS PREM BRANCH03DEBIT  ACH,29770
PROG DIRECT INS INS PREM XXXXXNUMBER CUSTOMER NAME,33050
ACH Acorns Invest Transfer 855-739-2859,2573
POS Withdrawal (FIS) GROUPON INC GROUPON INC GROUPON.COM IL(3418),1568
BURGER KING #17323       TYLER        TX,1832
ANNUAL MEMBERSHIP FEE,26704
GEICO *AUTO 800-841-3000 DC NUMBER,43360
ACH Electronic Debit - COMENITY PAY UR WEB PYMT PNUMBER,10996
Microsoft*Xbox Redmond WA                    02/27,336
Withdrawal COMENITY PAY II / TYPE: WEB PYMT ID: NUMBER CO: COMENITY PAY II %% ACH ECC WEB,32987
Subscription 855-739-2859 Acorns,314
ANNUAL MEMBERSHIP FEE,29845
PURCHASE AUTHORIZED ON 10/06 BURGER KING #7996 ALPHARETTA GA ,1354
ANNUAL MEMBERSHIP FEE,15394
POS Withdrawal NNT MSBILL.INF -- MSBILL.INFO WAUS,1687
MICROSOFT*XBOX LIVE GO MSBILL.INFO WA,3138
PROGRESSIVE *INSURANCE 6300 Wilson Mills R,55396
"PROGRESSIVE *INSURANCE 800-776-4737, OH, US",185040
DOORDASH DASHPASS,3138
GEICO  *AUTO,69869
INSTACART SUBSCRIPTION HTTPSINSTACARCA,3138
PROGRESSIVE *INSURANCE 800-776-4737 OH,45239
Withdrawal AFFIRM.COM PAYME TYPE: affirm.com CO: AFFIRM.COM PAYME,12262
External Withdrawal PLANET FIT 260-490-4949 - CLUB FEES 260-490-4949,7254
External Withdrawal WEB - affirm.com Payme - affirm.com CUSTOMER NAME,26678
BESTBUYCOMNUMBER,140985
Debit Purchase -visa 03/20 card NUMBER Best Buy 00kansas City Mo,515
Kindle Svcs*M74OP4XD0,625
POS PURCH - Microsoft*Xbox NUMBER WA Redmond Microsoft*Xbox US,11237
DBT/WDR NUMBER GROUPON INC GROUPON.COM IL,10053
GROUPON INC GROUPON.COM IL HASH,11624
STATE FARM RO 27 - SFPP,28588
ANNUAL MEMBERSHIP FEE,29845
DOORDASH*WOK & TERIYSAN FRANCISCO       CA,13801
AplPay DOORDASH*CHILSAN FRANCISCO       CA,15256
Withdrawal Visa Debit Amazon Music*MF5ZH7D51 888-802-3080 WA Date 08/06/20 NUMBER NUMBER,2692
PLANET FIT,7939
DOORDASH*EL POLLO LOSAN FRANCISCO       CA,12915
BESTBUYCOMNUMBER   888-BESTBUY  MN,170457
ACH WEB-SINGLE HASH ACORNS INVEST TRANSFER,2121
COMENITY PAY OT  WEB PYMT   P20012743444502 WEB ID: 1133163498,15708
"POS BEST BUY ADDRESS US Withdrawal, Processed",68235
WITHDRAW / Acorns Invest Transfer 111720,9425
Payment to Microsoft Corporation,3138
INSTACART HTTPSINSTACAR CA,58767
Comenity Payment,57026
ATT*BILL PAYMENT 800-288-2020 TX,31416
PLANET FIT,3142
XXNUMBER POS PURCHASE 04/23 BURGER KING #572 SOUTH SAINT P MN NUMBER,1684
"PLAYSTATION NETWORK 800-345-7669, CA, US",3138
ANNUAL MEMBERSHIP FEE,141372
COMCAST CALIFORNIA 800-COMCAST CA,24011
BURGER KING #6013  Q07 MARION       IA Card# **NUMBER,2114
COMENITY PAY SB WEB PYMT 102120 PNUMBER CUSTOMER NAME,78549
PLANET FIT,6908
GROUPON INC         877-788-7858        IL,5234
ANNUAL MEMBERSHIP FEE,21677
PlaystationNetwork 800-3457669 CA            04/02,1882
ACH/PLANET FITCLUB FEES,12252
DEBIT FOR  SUBSCRIPTION     ACORNS      CO REF- HASH,942
COMENITY PAY VI  WEB PYMT   PNUMBER WEB ID: NUMBER,15708
COMCAST CHICAGO,17207
affirmcom Payme TYPE affirmcom - MEMO=affirmcom Payme TYPE affirmcom CO affirmcom Payme ACH Trace NUMBER ,44636
Microsoft*Xbox Redmond WA                    03/15,6789
AT&T*BILL PAYMENT,56275
Online Payment NUMBER To state farm 03/18,78540
INSTACART,13663
BEST BUY         PAYMENT CUSTOMER NAME,31416
POS DEBIT                COMCAST CABLE COMM       800-COMCAST   CO,33194
STATE FARM INSURANCE BLOOMINGTON,11074
COMENITY PAY IO WEB PYMT PNUMBER,12566
Payment to Hulu,7785
2469216G52XSWW8M3 Kindle Unltd*Y,3396
Amazon Music*MV5YY CHK CARD PUR 888-802-3080 WA NUMBER POS,4709
ACH Electronic Debit - Subscription Acorns HASH ,942
CLUB FEES PLANET FIT PPD,7565
ACH DEBIT NUMBER CUSTOMER NAME PROG SPECIALTY INS PREM,67698
GROUPON INC,17043
MICROSOFT*XBOX LIVE GO MSBILL.INFO WA MICR,7851
INSTACART           SAN FRANCISCO       CA,37310
WD by Debit: INSTACART 8882467822 CA Date 11/01/20 NUMBER,41921
AT&T,70708
COMP NAME - GEICO              PPD  DESC - PREM COLL,6597
Withdrawal Debit INSTACART HTTPSINSTACAR CA Date 09/12/20 NUMBER Card 15 #NUMBER,43109
BESTBUYCOMNUMBER 7601 PENN AVE 888-B,2699
Amazon Music*WA0AI0BW3 888-802-3080 WA Date DATE NUMBER NUMBER Card 30 #NUMBER,4709
PP*GOOGLE GOOGLE STORAGE,669
PP GOOGLE GOOGLE STORAGE,653
ATM POINT OF SALE Kindle Unltd*PI1NO1993 Kindle Unltd*PI1NO 866-321-8851 WA US,3138
Bill payment Withdrawal - GEICO AUTO,40413
ANNUAL MEMBERSHIP FEE,29845
PROG COUNTY MUT  INS PREM   ***********NUMBER,30489
COMCAST CABLE COMM  800-COMCAST         UT,48739
GOOGLE *Google Storage,663
Kindle Unltd*ZI1945JR3,3138
ATT              Payment CUSTOMER NAME,40049
GODADDY.COM         480-505-8855        AZ,17125
ANNUAL MEMBERSHIP FEE,29845
"BEST BUY, PAYMENT , NUMBER",31416
PURCHASE AUTHORIZED ON 09/12 Amazon Music*MU6BR 888-802-3080 WA NUMBER CARD NUMBER,2736
BEST BUY,36128
Burger King,908
TYPE: WEB PYMT ID: NUMBER DATA: 800-395-5714 CO: COMENITY PAY VI Entry Class Code: WEBACH Trace Number: NUMBER /Withdrawal Electronic COME,10996
External Withdrawal WEB - / affirm.com Payme - affirm.com CUSTOMER NAME,9434
POS Transaction / STATE FARM INSURAN 800-956-6310 ILUS,29364
Withdrawal ACH affirm.com Payme/TYPE: affirm.com CO: affirm.com Payme ACH Trace Number: NUMBER,22880
PLANET FIT       CLUB FEES                  PPD ID: NUMBER,6280
COMCAST CABLE COMM,33876
affirm.com Payme DES:affirm.com ID:ST-HASH INDN:CUSTOMER NAME CO ID:XXXXXNUMBER WEB PMT INFO:CUSTOMER NAME,24112
GOOGLE *Google Storage 855-836-3987 CA,625
VISA DDA PUR NUMBER     AMAZON MUSIC BM5M16WO3      888 802 3080  * WA,2510
AMAZON MUSIC*MJ0JL0P888-802-3080        WA,3575
Microsoft*Xbox,3138
Payment to Microsoft Corporation,4992
Point Of Sale Withdrawal  MICROSOFT*XBOX     MSBILL.INFO    WAUS,3138
DIRECT               DEBIT ATT           Payment,40278
INSTACART HTTPSINSTACAR CA                   10/30,97386
COMENITY PAY CP PHONE PYMT PNUMBER,10996
MICROSOFT*MICROSOFT MSBILL.INFO,3346
INSTACART           SAN FRANCISCO       CA,37699
ACH W/D: affirm.com Payme TYPE: affirm.com CO: affirm.com Payme Entry Class Code: WEB,44677
ANNUAL MEMBERSHIP FEE,21677
Groupon DEBIT,1568
GEICO *AUTO 800-841-3000 DC,80839
GOOGLE*GOOGLE STORAG G.CO HELPPAY#,625
PAYPAL INST XFER PLAYSTATION,3142
Point Of Sale Withdrawal STRING GEICO  xNUMBER CHEVY CHASE   MD,2457
BURGER KING #6249 06/02 PURCHASE GOODYEAR AZ,3007
VISA DDA PUR NUMBER     BESTBUYCOMNUMBER      888 BESTBUY   * MN,93239
POS Purchase 02/13 01:17 GROUPON INC GROUPON.COM IL NUMBER GROUPON INC NUMBER ,7226
GOOGLE *Google Storage,625
Kindle Svcs*H90KL5LP3,3138
PAYPAL *GROUPONGETA,62442
Withdrawal Debit INSTACART*ALDI HTTPSINSTACAR CA Date 10/16/20 NUMBER Card NUMBER,21627
NUMBER POS PURCHASE 04/13 PLAYSTATION NETW 800-345-7669 CA XXXXNUMBER XX2796,1882
AplPay INSTACART    SAN FRANCISCO       CA,70365
DNH*GODADDY.COM 480-5058855 AZ,25130
DBT CRD NUMBRE  08/10/20 HASH  INSTACART 8882467822 CA C#NUMBER,16066
PlaystationNetwork       800-3457669  CA,3138
ACH DEBIT HASH GEICO PREM COLL,68257
Subscription Acorns EMAIL,314
COMENITY PAY OH  WEB PYMT   PNUMBER WEB ID: NUMBER,41783
Debit: Signature purchase from NUMBER BESTBUYCOMNUMBER 888-BESTBUY US,176429
PLAYSTATIONNETWORK SAN MATEO CA,6217
Store Purchase COMCAST BOSTON Bills,31416
External Withdrawal STATE FARM RO 08  - CPC-CLIENT,55034
affirm.com Payme affirm.com ST-HASH WEB ID: NUMBER,25849
affirm.com Payme affirm.com ST-HASH WEB ID: NUMBER,21504
MICROSOFT*XBOX MSBILL.INFO WA - NUMBER,3396
DEBIT CARD DEBIT INSTACART HTTPS - MEMO=DEBIT CARD DEBIT INSTACART HTTPSINSTACARCA,42298
GEICO PREM COLL NUMBER,58236
Amazon Music*MM7VW7UW2,1354
XXNUMBER DDA POS Amazon Music*4V3 888-802-3080 WA XXXXNUMBER XXNUMBER,1253
Subscription Acorns 052920 HASH EMAIL,942
 Card purchase PLAYSTATION NETWORK 800-345-7669 CA 05-13-2020,1684
Kindle Unltd*UR5CL4OA3,3396
"PAYMENT PROGRESSIVE *INSURANCE 800-776-4 - MEMO=BillPayment, Withdrawal, Processed",108617
ATT Payment,39757
DOORDASH*EZELLS FAMOSAN FRANCISCO       CA,15202
Point of Sale Debit L340 DATE 01-08 Kindle Unltd*AL6E6866-321-8851,3138
- PLANET FIT CLUB FEES,6280
DBT CRD NUMBER 04/19/20 HASH          MICROSOFT*X MSBILL.INFO   WA,1678
DDA B/P NUMBER 09/10/20 NUMBER PROGRESSIVE INS 800-776-4737 OH Card# NUMBER,39952
UNITED FIN CAS   INS PREM                   PPD ID:  NUMBER,23402
KINDLE SVCS*N56ED7A9866-321-8851        WA,3453
PAYPAL *PLAYSTATION 402-935-7733 CA,6280
ACH DEBIT PLANET FIT,12252
Amazon Music*MM8KP6SW1   888-802-3080 WA,1253
ANNUAL MEMBERSHIP FEE,29845
GEICO  *AUTO,72084
POS Debit - Visa Check Card NUMBER - PLAYSTATION NETWOR 800-345-76,5652
ACH Transaction - Acorns Invest Transfer NUMBER,2614
"AT&T*BILL PAYMENT 8003310500, TX, US",50265
GODADDY.COM         480-505-8855        AZ,3767
External Withdrawal BEST BUY - / PAYMENT,9739
AplPay DOORDASH*YUMBSAN FRANCISCO       CA,12403
CHECK # Processed Check - COMENITY CARD TYPE: CHECK PYMT ID: NUMBER Entry Class Code: ARC ACH Trace Number: NUMBER,62832
DNH*GODADDY.COM,3833
HLU*Hulu NUMBER HULU.COM/BILL CA        07/01,3767
BEST BUY      NUMBER SCOTTSDALE AZ NUMBER  04/05,364
DNH*GODADDY.COM 480-5058855 AZ,9993
ACH DEBIT- COMENITY PAY OH 800-395-5714,18435
affirm.com Payme DES:affirm.com ID:ST-HASH INDN:CUSTOMER NAME  CO ID:XXXXX NUMBER WEB PMT INFO CUSTOMER NAME ,7072
ANNUAL MEMBERSHIP FEE,27960
BURGER KING         ROSLINDALE          MA,5202
Google Seriously,1015
COMCAST CABLE COMM  800-COMCAST         NH,67723
ANNUAL MEMBERSHIP FEE,141372
MICROSOFT*XBOX LIVE GO MSBILL.INFO WA,3138
ATT,25133
GEICO *AUTO 800-841-3000 DC,57796
AMAZON MUSIC*MK2RB6TI2 888-802-3080 WA HASH,1253
BURGER KING #15731 WARNER ROBINS GADate 10/31/20 Card NUMBER /Withdrawal Debit Card,669
GOOGLE*GOOGLE STORAG G.CO HELPPAY#,625
POS Withdrawal (FIS) INSTACART INSTACART 8882467822 CA(0576),15708
Debit: Signature purchase from NUMBER PAYPAL *MICROSOFT XBOX 402-935-7733 US,1338
DNH*GODADDY.COM 480-5058855 AZ,8847
GODADDY.COM         480-505-8855        AZ,8847
DOORDASH*PLAN B BURGSAN FRANCISCO       CA,11341
BEST BUY Direct Payment,21341
PAYPAL *HULU,3767
Microsoft*Xbox Live Go msbill.info WA        02/16,3346
Electronic Withdrawal Prog Direct Ins,19849
Sie*Playstationnetwork,3311
PAYPAL           INST XFER  HULU            WEB ID: PAYPALSI77,3767
BURGER KING #22533,2309
XXNUMBER CHK PURCH SIG 03/16 PLAYSTATION NETW 800-345-7669 CA XXXXNUMBER XXNUMBER,2017
HLU*HULU NUMBER HULU.COM/BILL       CA,4031
#88 AT&T*BILL PAYMENT 800-331-0500 TX,81474
Kindle Unltd*5Q4Q03AB3 DBT CRD 1411 03/24/20 NUMBER 866-321-8851  WA C#6106,3311
AMAZON MUSIC*MF2985L888-802-3080        WA,2510
MICROSOFT*XBOX      MSBILL.INFO,6726
Preauthorized Debit Acorns Invest    Transfer,2133
PROG DIRECT INS INS PREM XXXXXNUMBER CUSTOMER NAME,36640
XX8986 VISA PURCHASE Kindle Unltd*MF7 866-321-8851 WA NUMBER,3396
PROGRESSIVE INS        800-776-4737 OHUS,84107
"Payment to GoDaddy.com, LLC",13405
POS Withdrawal (FIS) GROUPON INC GROUPON INC GROUPON.COM IL(NUMBER),1568
DNH*GODADDY.COM 480-505-8855 AZ DNH*GODADDY.COM,1882
Card purchase Microsoft*Xbox 4816 Redmond WA,6280
ACH WEB-SINGLE HASH SUBSCRIPTION ACORNS,314
COMENITY PAY JT/WEB PYMT/022220/WE B General Debit,16305
AMAZON MUSIC*M477L2U888-802-3080        WA,1253
COMCAST CALIFORNIA  800-COMCAST         CA,26688
PROGRESSIVE *INSURANCE,31416
NUMBER POS DDA W/D 01/04 21:43 PLAYSTATION NETWORK PLAYSTATION NETWOR 800-345-76,4706
GOOGLE*GOOGLE STORAGE,625
Amazon Music*MV0T87QS 888-802-3080 WA        DATE,2510
AplPay DOORDASH*STEASAN FRANCISCO       CA,27153
affirm.com Payme affirm.com ST-HASH,402576
STATE FARM RO 27/SFPP 08 S  NUMBER,59502
RECURRING PAYMENT AUTHORIZED ON 06/23 GOOGLE*GOOGLE STOR INTERNET CA SNUMBER CARD 5554,939
GEICO TYPE: PREM COLL  CO: GEICO,23970
DNH*GODADDY.COM,8847
GROUPON INC GROUPON.COM IL NUMBER,1568
PROGRESSIVE *INSURANCE,342434
GODADDY.COM         480-505-8855        AZ,56549
ANNUAL MEMBERSHIP FEE,141372
DNH*GODADDY.COM 480-5058855 AZ               02/04,11417
KINDLE UNLTD*MS9RW05866-321-8851        WA,3138
GROUPON INC 05/18 PURCHASE GROUPON.COM IL,37699
ACH DEBIT HASH E GEICO PREM COLL,56502
GOOGLE *Google Storage,625
XXNUMBER CHK PURCH PIN BEST BUY 00 SAINT JOSEPH MO XXXXNUMBER XXXXXXXXNUMBER,34143
PLAYSTATION NET 800-345-7669 /CA US CARD PURCHASE,11869
ATT*BILL PAYMENT,21730
Preauthorized Debit STATE FARM RO 2,44083
GEICO PREM COLL CUSTOMER NAME,40118
PAYPAL           INST XFER  GROUPON INC     WEB ID: PAYPALSI77,9739
Signature POS Debit DATE WA 888-802-3080 Amazon Music*MV S0 SEQ# XXNUMBER NUMBER,2510
Recur Debit Card Purchase MICROSOFT XBOX             MSBILL INFO    WA,1637
DNH*GODADDY.COM 480-5058855 AZ USA,5799
PLANET FIT/CLUB FEES/111720/PPD,3362
PROGRESSIVE *INSURANCE DDA POS PURCHASE      NUMBER,6283
INSTACART SUBSCRIPTION,31102
MICROSOFT*XBOX LIVE GO MSBILL.INFO WA,19996
affirm.com Payme affirm.com ST-HASH WEB ID: NUMBER,15237
STATE FARM  INSURANCE,43442
GEICO            PREM COLL                  PPD ID: NUMBER,53630
Kindle Unltd*L51HI52C3,3138
ANNUAL MEMBERSHIP FEE,29845
POS Debit - Visa Check Card 3850 - GOOGLE*GOOGLE STOR INTERNET C,663
GROUPON INC GROUPON.COM IL HASH,7537
AFFIRM.COM PAYME AFFIRM.COM CUSTOMER NAME,19767
ACH Payment PROG COUNTY MUT INS PREM BRANCH03DEBIT  ACH,55503
COMENITY PAY JT - WEB PYMT / ACH Withdrawal,15708
Kindle Unltd*M430I2JG 866-321-8851 WA        09/22,3427
GOOGLE *Google St 05/28 PURCHASE g.co/helppay#,5529
INSTACART 8882467822 CA,32798
ACH Payment PLANET FIT CLUB FEES 706-391-6209,6299
Bill Pmt W/D: #NUMBER NNT MICROSOFT -- MSBILL.INFO WA Card NUMBER,625
GODADDY.COM         480-505-8855        AZ,11417
PROGRESSIVE *INSURANCE 06/05 PURCHASE 800-776-4737 OH,55779
DNH*GODADDY.COM,17693
Point Of Sale Withdrawal Kindle Unltd*MF42F 866-321-8851 WAUS,3138
COMENITY PAY OH WEB PYMT 060320 PNUMBER CUSTOMER NAME,16644
POS Debit - Visa Check Card NUMBER - MICROSOFT*XBOX MSBILL.INFO WA,5045
Progressive,11150
Amazon Music*MJ8OO9FW1 888-802-3080 WA,1253
PROG UNIVERSAL INS PREM XXXXXNUMBER Travi,47017
ACH Transaction - COMENITY PAY BH WEB PYMT NUMBER,1256323
BEST BUY MHT NUMBER PORTLAND OR,62826
ANNUAL MEMBERSHIP FEE,29845
ANNUAL MEMBERSHIP FEE,46810
CLUB FEES PLANET FIT XXX-XXX-NUMBER,6930
PROG DIRECT INS  INS PREM CUSTOMER NAME XXXXXNUMBER CUSTOMER NAME,100110
Microsoft*Xbox,2689
GROUPON INC GROUPON.COM IL HASH,17276
AMAZON MUSIC*MV2GG6I888-802-3080        WA,4932
COMENITY PAY OH [WEB] WEB PYMT Indiv ID: PNUMBER,78540
INSTACART,2595
GEICO *AUTO 800-841-3000 DC NUMBER,18253
"DBT/WDR*NUMBERGroupon, Inc.              312-288-6424   IL",6531
PlaystationNetw  NUMBER,3427
WITHDRAWAL @ Amazon Music*MU0O17UB2 Amazon Music*MU0O1 888 802 3080 WAUS,2510
PAYPAL INST XFER MICROSOFT XBOX,6720
ACH Withdrawal PLANET FIT CLUB FEES,3142
Amazon Music*LK7N83BO3,2510
Debit Card W/D: DEBIT CARD IA ATT*TV 800-288-2020 TX Date 05/18/20 0 NUMBER Card NUMBER,29958
ACH Transaction - GEICO PREM COLL NUMBER,17398
DEBIT FOR  PLANET FIT       CLUB FEES   CO REF- NUMBER,3142
DNH*GODADDY.COM,4709
Subscription     Acorns     HASH           WEB ID: NUMBER,628
PROG COUNTY MUT  INS PREM   POL  NUMBER  WEB ID: NUMBER,141686
AMAZON MUSIC*AKAMAZON MUSIC*AK20T5K63888-802-3080          WADBT PURCHASE ON DATE @ 04:51CARD NBR: NUMBER,1253
PAYPAL           INST XFER  GOOGLE SOCIAL I WEB ID: PAYPALSI77,3138
Payment to Microsoft Corporation,1568
COMENITY PAY DG DES:WEB PYMT ID:PNUMBER INDN:CUSTOMER NAME CO ID:XXXXXNAME WEB,39625
DOORDASH*HOT TABLE  SAN FRANCISCO       CA,7106
STATE FARM  INSURANCE,34507
GOOGLE*GOOGLE STORAGE INTERNET CA,625
PP*GOOGLE SMALL GIANT,625
POS Debit - Visa Check Card NUMBER - MICROSOFT*XBOX MSBILL.INFO WA,9422
GEICO AUTO          (800)841-3000       DC,36779
GROUPON INC         877-788-7858        IL,2815
KINDLE UNLTD*2885D66A1 866-321-8851 WA HASH,3405
COMCAST CABLE COMM,45010
GROUPON INC,11310
POS Debit - Visa Check Card NUMBER - STATE FARM INSURA 800-956-631,52088
WITHDRAWAL affirm.com Payme TYPE: affirm.com ID: *NUMBER CO: affirm.com Payme %% ACH ECC WEB %% ACH Trace * NUMBER,32157
COMENITY PAY JT 800-395-5714 WEB PYMT,39270
DNH*GODADDY.COM,3823
BESTBUYCOM805699932554 888-BESTBUY MN        03/30,252107
"DIRECT WITHDRAWAL, ACORNS INVEST TRANSFER",1935
GOOGLE *Google Storage,3138
PLANET FIT 508-835-2551 CLUB FEES 508-835-2551,12271
ANNUAL MEMBERSHIP FEE,21677
GOOGLE *Google Storage,625
PLAYSTATION NETWORK,3107
ANNUAL MEMBERSHIP FEE,29845
Payment to AFFIRM COM PAYMENTS,188496
GEICO  *AUTO 800-841-3000 DC                 03/21,259565
POS Debit - Visa Check Card NUMBER - PLAYSTATIONNETWORK 800-345766,5652
Kindle Svcs*N68X74WC3,2196
COMENITY PAY SB WEB PYMT 010420 PNUMBER CUSTOMER NAME,144479
DNH*GODADDY.COM,15695
GROUPON INC,32515
At&T*Bill Payment,72784
GOOGLE *Google Storage Mountain View CA,625
GEICO AUTO          (800)841-3000       DC,28689
Kindle Unltd*IS7KG4K83,3138
POS Withdrawal (ELN) COMCAST CABLE COMM COMCAST CABLE COMM 800-COMCAST NH(5791),42635
MICROSOFT XBOX,6280
ACH Debit GEICO - PREM COLL,3918
Withdrawal @ Amazon Music*9J3UF5F73 888 802 3080 WAUS Trace #NUMBER,2510
Debit: Signature purchase from NUMBER PLAYSTATION NETWORK 800-345-7669 US,3138
Microsoft*Xbox,6550
GEICO  *AUTO,48827
COMCAST CABLE COMM,14520
BURGER KING #12016,2695
Card - Kindle Unltd M31VW6W13 866 321 8851 WA,3396
Point Of Sale Withdrawal  BURGER KING #11066 COOS BAY       ORUS,5881
COMENITY PAY SB  WEB PYMT,587
BEST BUY         PAYMENT    ***********NUMBER,31416
Kindle Svcs*9 M9 Oy9 Jk3,4304
Comcast Xfinity,41281
GROUPON INC,17342
Visa Checking DNH*GODADDY.COM 480-5058855 AZ Date 06/08/20 0 0 NUMBER Card 15 #NUMBER,24545
GEICO *AUTO,11134
DOORDASH DASHPASS,3138
BURGER KING #44 BRIDGEWATER /MA US CARD PURCHASE,1605
INSTACART HTTPSINSTACAR CA                   10/02,29468
INSTACART,3487
Subscription Acorns 100520 HASH EMAIL,628
INSTACART SUBSCRIPTION,3138
ACH Withdrawal BEST BUY,31416
HLU*Hulu NUMBER -U HULU.COM/BILLCA,311
Electronic Withdrawal COMENITY / PAY VI 800-395-5714 - WEB PYMT,10996
INSTACART HTTPSINSTACARCA,37969
ANNUAL MEMBERSHIP FEE,141372
UNITED FIN CAS   INS PREM                   PPD ID: NUMBER,28504
PLANET FIT       CLUB FEES                  PPD ID:NUMBER,6908
GROUPON INC         877-788-7858        IL,5809
PP*GOOGLE GOOGLE STORA NUMBER CA,939
ACH Transaction - GEICO GEICO PYMT NUMBER,29044
Debit Card W/D: Visa Debit Amazon Music*2T4GF79V0 888-802-3080 WA Date 10/26/20 NUMBER NUMBER Card NUMBER,2661
Point Of Sale Withdrawal NUMBER GROUPON INC            GROUPON.COM  ILUS,1568
AT&T*BILL PAYMENT,20270
COMENITY PAY IL 800-395-5714 PHONE PYMT,47124
ANNUAL MEMBERSHIP FEE,29845
DOORDASH DASHPASS,3138
DOORDASH DASHPASS 11/09 PURCHASE WWW.DOORDASH. CA,3138
DEBIT CARD DEBIT INSTACART 88824 - MEMO=DEBIT CARD DEBIT INSTACART 8882467822 CA,22280
Card Purchase - KINDLE UNLTD*7D4303083,3138
PAYPAL           INST XFER  GOOGLE GOOGLE S WEB ID: PAYPALSI77,625
Amazon Music*MJ7PW1LU2,1348
BURGER KING #3684,2130
Kindle Svcs*MY9WR7G12,2287
ANNUAL MEMBERSHIP FEE,21677
POS Withdrawal (FIS) Amazon Music*MV Amazon Music*MV8R08 888-802-3080 WA(NUMBER),1329
INSTACART SUBSCRIPTION,3138
POS Debit - Visa Check Card NUMBER - GEICO *AUTO 800-841-3000 DC,25475
PAYPAL *GODADDY.COM 402-935-7733 AZ,1882
COMENITY PAY VI TYPE: WEB PYMT CO: COMENITY PAY VI,28010
Point Of Sale Withdrawal NUMBER BESTBUYPHONEPL00026104 800-4335778  MNUS,1882
STATE FARM INSURANCEBLOOMINGTON         IL,51057
PROG DIRECT INS  INS PREM   ***********CUSTOMER NAME,9296
PLANET FIT 843-388-8284,6484
ANNUAL MEMBERSHIP FEE,30788
GEICO  *AUTO,19264
ACH DEBIT XXXXXNUMBER PLANET FIT CLUB FEES,8479
ANNUAL MEMBERSHIP FEE,141372
STATE FARM RO 27 SFPP                       PPD ID: NUMBER ,29534
Subscription DES:Acorns ID:HASH INDN:EMAIL CO ID:XXXXXNUMBER WEB,942
ANNUAL MEMBERSHIP FEE,29845
POS Withdrawal (FIS) Microsof 1 / Microsoft Way Redmond WA(5884),1998
ANNUAL MEMBERSHIP FEE,21677
COMENITY PAY VI WEB PYMT PNUMBER,10996
GOOGLE *Google Storage 8558363987 CA,625
GOOGLE *GOOGLE STORAGE 855-836-3987 CA NUMBER,6280
Microsoft*Xbox Redmond WA                    01/25,6783
AC-STATE FARM RO 27-SFPP,20857
PROG DIRECT INS  INS PREM                   PPD ID: NUMBER,19713
GOOGLE *Google Storage,625
Withdrawal PROG DIRECT INS / TYPE: INS PREM DATA: BRANCH13DEBIT ACH CO: PROG DIRECT INS,19739
ACH Transaction - Acorns Invest Transfer NUMBER,3142
- affirm.com Payme affirm.com,12017
Kindle Svcs*MS2YW4NW2,3296
"Amazon Music*XK20S7RD3 - 888-802-3080, WA Reference Number: NUMBER Merchant Name: Amazon Music*XK20S7RD3",1253
DOORDASH DASHPASS WWW.DOORDASH.CA,3138
Payment to Groupon Inc,6491
INST XFER PAYPAL MICROSOFT XBOX,3346
External Withdrawal PLANET FIT / 518-822-8200 - CLUB FEES 518-822-8200,6908
"Best Buy Co., Inc.",43389
ACH Transaction - PLANET FIT CLUB FEES ,6280
DOORDASH DASHPASS,1568
PLANET FIT       CLUB FEES  ***********NUMBER,3204
ANNUAL MEMBERSHIP FEE,46810
Point Of Sale Withdrawal  GOOGLE *Google Sto     Mountain ViewCAUS,625
AFFIRM.COM PAYMENTS      AFFIRM.COM   CA,10785
PROGRESSIVE *INSUR CHK CARD PUR 800-776-4737 OH NUMBER POS,93934
COMENITY PAY OH  WEB PYMT CUSTOMER NAME,31416
ELECTRONIC WITHDRAWAL / Acorns Invest Transfer 091520,2510
UNITED FIN CAS   INS PREM                   PPD ID: NUMBER,70981
KINDLE SVCS*MY9WA3EG866-321-8851        WA,4081
AMZ*Hulu LLC,1882
ACH Electronic Debit - affirm.com Payme affirm.com ST-HASH,15375
AT&T*BILL PAYMENT,26726
INSTACART           SAN FRANCISCO       CA,34256
COMENITY PAY CP DES:WEB PYMT ID:PNUMBER INDN:CUSTOMER NAME CO ID:XXXXXNUMBER WEB,9425
SIE*PLAYSTATIONNETWORK 877-971-7669 CA ,3138
DOORDASH*SUBWAY     SAN FRANCISCO       CA,5268
GOOGLE*GOOGLE STORAG G.CO HELPPAY#,625
ANNUAL MEMBERSHIP FEE,29845
Kindle,3138
Kindle Svcs*FK9IV7X23,3453
#NUMBER COMCAST CABLE COMM 800-COMCAST CO,61220
ACH Electronic Debit - Acorns Invest Transfer HASH ,1769
GROUPON INC 01/04 PURCHASE GROUPON.COM IL,942
PLAYSTATION NETWORK,6657
"Payment to Best Buy Co., Inc.",194964
DNH*GODADDY.COM,18363
DNH*GODADDY.COM 480-5058855 AZ USA,5799
DEBIT FOR  ACORNS INVEST    TRANSFER    CO REF- HASH,7854
AT&T*BILL PAYMENT 08/05 PURCHASE 800-331-0500 TX,66124
UNITED FIN CAS   INS PREM                   PPD ID: NUMBER,87597
DNH*GODADDY.COM,6211
INSTACART,58333
POS Withdrawal (FIS) DNH*GODADDY.COM DNH*GODADDY.COM 480-x8855 AZ(NUMBER),3823
MEMBERSHIP FEE SEP 20-AUG 21,31102
Sony Playstation,3138
COMCAST             800-934-6489        MI,45613
Point Of Sale Withdrawal NUMBER GEICO *AUTO 800-841-3000 DCUS No Category,56586
GROUPON INC GROUPON.COM IL                   02/08,15080
Kindle Svcs*NE4H87SS3,3380
Kindle Svcs*M788Y62L2,2007
ORIG CO NAME:COMENITY PAY JT        ORIG ID:NUMBER DESC DATE:081420 CO ENTRY DESCR:WEB PYMT  SEC:WEB    TRACE#:NUMBER  EED:NUMBER   IND ID:PNUMBER              IND NAME:CUSTOMER NAME                                                                                        800-395-5714 TRN: NUMBER,23373
COMENITY PAY JT  WEB PYMT   PNUMBER WEB ID: NUMBER,49229
HLU*Hulu NUMBER-U HULU.COM/BILLUS,314
ACH Withdrawal: affirm.com Payme TYPE: affirm.com CO: affirm.com Payme,11357
Withdrawal Debit Kindle Unltd*M46884K62 866-321-8851 WA Date 09/27/20 NUMBER,3138
STATE FARM  INSURANCE,64805
Progressive County Mutual Branch Debit Insurance Premium DEBIT,209949
"DIRECT WITHDRAWAL, ACORNS INVEST TRANSFER",3286
SUBSCRIPTION ACORNS - HASH DEBIT,942
"AUTOMATIC WITHDRAWAL, STATE FARM",51107
AMAZON MUSIC*B79499F03 888-802-3080 WA XGSJXMXOQN4,2510
DBT CRD NUMBER 02/11/20 NUMBER PP*GOOGLE GOOGLE S 402-935-7733 CA CARD# NUMBER,625
AMAZON MUSIC*M45QC2Z888-802-3080        WA,2510
Microsoft*Xbox msbill.info WA                08/06,6798
Point Of Sale Withdrawal EUREST GEICO  xNUMBER CHEVY CHASE   MD,710
COMCAST BELLINGH CS 1X   800-266-2278 WA,63614
"Payment to GoDaddy.com, LLC",6695
COMCAST OF HOUSTON  713-341-1000        TX,59473
GROUPON INC         877-788-7858        IL,2554
ACH Electronic Debit - Acorns Invest Transfer HASH,7854
STATE FARM RO 27 SFPP 06 S XXXXXXNUMBER,31092
Subscription Acorns HASH ,314
External Withdrawal STATE FARM RO 27  - SFPP,48016
COMCAST CABLE COMM,83676
PAYPAL           INST XFER  PLAYSTATION     WEB ID: PAYPALTOKEN,20260
Point Of Sale Withdrawal  COMCAST                800-934-6489 MIUS,25042
COMENITY PAY OH TYPE WEB PYMT I - MEMO=COMENITY PAY OH TYPE WEB PYMT ID NUMBER DATA 8003955714 CO COMENITY PAY OH ACH ECC WEB ACH Trace NUMBER,11313
affirm.com Payme affirm.com ***********HASH,4423
Debit Card Withdrawal: DEBIT CARD Amazon Music*BO6A38FP3 440 Terry Ave N 888 Date 04/30/20 NUMBER NUMBER Card NUMBER,3138
"Amazon Music*MK2IZ4711, 888-802-3080, WAUS",1652
GEICO   AUTO,21086
ACH TRANS / affirm.com Payme;101420;affirm.com,91012
VISA DDA PUR NUMBER     COMCAST                     800 COMCAST   * NJ,12563
Payment to Sony Interactive Entertainment Network America LLC,6751
Payment to Hulu,4081
COMENITY PAY VI DES:WEB PYMT ID:PNUMBER INDN:CUSTOMER NAME CO ID:NUMBER WEB,31416
Withdrawal Debit PlaystationNetwork 800- CA Date 09/07/20 NUMBER Card NUMBER,20213
MICROSOFT*XBOX      REDMOND,1722
COMCAST CABLE COMM  800-COMCAST         NH,36373
PURCHASE 0303 GROUPON INC GROUPON.COM IL NUMBER,18535
PURCHASE 0202 GROUPON INC GROUPON.COM IL NUMBER,12252
"Payment to GoDaddy.com, LLC",3767
Microsoft 1 Microsoft WayRedmondWAUS,20402
Withdrawal Debit INSTACART HTTPSINSTACAR CA Date 04/26/20 NUMBER Card 15 #NUMBER,44947
PLAYSTATION NETWORK,18846
AT&T*BILL PAYMENT,115249
MICROSOFT*XBOX,3327
COMENITY PAY JT  RETRY PYMT ***********NUMBER,10996
ATT Payment XXXXXHASH,48591
COMENITY PAY OH WEB PYMT,157080
STATE FARM INSURANCEBLOOMINGTON         IL,48107
PURCHASE AUTHORIZED ON 03/21 BEST BUY #1760 ANCHORAGE AK PNUMBER CARD NUMBER,29176
ANNUAL MEMBERSHIP FEE,141372
INSTACART,12356
Comcast,32343
COMENITY PAY CS  WEB PYMT   PNUMBER WEB ID: NUMBER,10996
Withdrawal PROGRESSIVE INS CO: PROGRESSIVE INS,2513
Amazon Music*MS2ZU59D2   888-802-3080 WA,2510
Payment to Hulu,4078
ANNUAL MEMBERSHIP FEE,29845
AT&T*BILL PAYMENT 8003310500 TX,27907
GOOGLE *Google Storage,625
COMCAST CABLE C 800-COMCAST /NH US CARD PURCHASE,40140
GOOGLE *GOOGLE STORA855-836-3987        CA,3138
ACH TRANS - STATE FARM BANK ;070220;PAYMENT,188496
Amazon Music*MV32M0ZA0,1329
ELECTRONIC/ACH DEBIT ACORNS INVEST    TRANSFER   HASH            NUMBER  ,7709
WEB PYMT   COMENITY PAY OH PNUMBER,46527
Microsoft*Xbox               Redmond      WA,6673
MICROSOFT*EA ACCESS 1 MON,1662
MICROSOFT XBOX REDMOND WA,3327
KINDLE UNLTD*147WM1T866-321-8851        WA,3327
Payment to Groupon Inc,3770
"DIRECT WITHDRAWAL, ACORNS INVEST TRANSFER",6283
ANNUAL MEMBERSHIP FEE,141372
Kindle Unltd*B59PC4CC 866-321-8851 WA        03/22,3427
Amazon Music*LD1ME5U23,5045
WEB INITIATED PAYMENT AT Acorns Invest Transfer HASH 061820,1850
BEST BUY         PAYMENT    NUMBER WEB ID: CITICTP,32987
Payment to Microsoft Corporation,4709
DOORDASH DASHPASS 6506819470 CA,3138
Payment to Microsoft Corporation,5020
Subscription     Acorns     HASH          WEB ID: NUMBER,628
Withdrawal Visa Check Card DNH*GODADDY.COM 480-5058855 AZ Date 08/12/20 NUMBER NUMBER,1568
"BEST BUY, El Centro, CA Sale",11439
GOOGLE *Google Storage,625
Burger King,1816
KINDLE SVCS*MC2600Y31 866-321-8851 WA HASH,3987
MERCHANT PAYMENT NNT BURGER KING - 442736 28037 WIXOM ROAD WIXOM MI ON 111320,2626
GODADDY.COM         480-505-8855        AZ,3767
Check Card Purchase / INSTACART HTTPSINSTACAR CA Date 05/31/20 NUMBER NUMBER Card NUMBER,37630
INSTACART 8882467822 CA,20662
Point Of Sale Withdrawal  Microsoft*Xbox     msbill.info    WAUS,3138
GOOGLE *Google Storage 855-836-3987 CA,625
GROUPON INC GROUPON.COM IL,7009
External Withdrawal STATE FARM RO 08 - CPC-CLIENT No Category,160774
POS Debit - Visa Check Card NUMBER - AMAZON MUSIC*MF84Q 888-802-30,2639
Withdrawal COMENITY PAY VI TYPE: WEB PYMT ID: XXXXXXNUMBER DATA: 800-395-5714 CO: COMENITY PAY VI,10741
Point Of Sale Withdrawal  GROUPON INC            GROUPON.COM  ILUS,2994
"Payment to GoDaddy.com, LLC",8372
GOOGLE *Google Storage,625
ANNUAL MEMBERSHIP FEE,31102
XX6219 PURCHASE 03/04 19:27 Kindle Unltd*G86 866-321-8851 WA NUMBER NUMBER,3365
ANNUAL MEMBERSHIP FEE,29845
DOORDASH.COM,4791
BURGER KING #10 1103 HYATT STREEGAFFNEY     SC ,2677
COMCAST ONLINE PMT WEB,3142
INST XFER PAYPAL HULU INTERNET P,1715
Subscription DES:Acorns ID:NUMBER INDN:EMAIL CO ID:XXXXXNUMBER WEB,314
ANNUAL MEMBERSHIP FEE,29845
MICROSOFT*SUBSC ONE MICROSOFT WAY MSBILL.INFO,5099
Kindle Svcs*M76IW4SJ0,2381
Subscription Acorns 010620 HASH CUSTOMER NAME ,314
ANNUAL MEMBERSHIP FEE,46810
PAYPAL INST XFER WEB HULU,1882
DEBIT FOR ACORNS INVESTING TRANSFER CO REF- HASH,31
Microsoft*Xbox,10009
ANNUAL MEMBERSHIP FEE,31102
DNH*GODADDY.COM 480-5058855 /AZ US CARD PURCHASE            ,5708
ANNUAL MEMBERSHIP FEE,172788
POINT OF SALE DEBIT Amazon Music*H69D6            888-802-3080 WA,2510
ACH Transaction - PROG COUNTY MUT INS PREM NUMBER,120216
GROUPON INC GROUPON.COM Digital Account Number XXXXXXXXXXXXNUMBER ,5322
Groupon Inc,3770
Debit Card Purchase DATE 05:19p NUMBER Kindle Svcs*B78S06593 866-321-8851 WA 20102,939
DNH*GODADDY.COM 480-5058855 AZ,7851
AMAZON MUSIC*Q25JR49H3 888-802-3080 WA HASH,1253
AT&T*BILL PAYMENT 800-331-0500 TX,44042
Amazon Music*V90V62WU3,2661
#NUMBER COMCAST CABLE COMM 800-COMCAST CO,64513
ANNUAL MEMBERSHIP FEE,31102
AMAZON MUSIC*288IU5X888-802-3080        WA,5027
ACH Withdrawal: COMENITY PAY BH TYPE: WEB PYMT CO: COMENITY PAY BH,31416
PLAYSTATION NETWORK 800-345-7669        CA,8416
DBT CRD NUMBER 08/26/20 HASH PLAYSTATION NETWORK 800-345-7669  CA C#**NUMBER,5655
HLU*Hulu NUMBER-U,3767
XXNUMBER VISA PURCHASE BESTBUY RENEWA00 800-XXXNUMBER MN NUMBER XXNUMBER,3453
affirm.com Payme,23113
WITHDRAW / Subscription Acorns 110420,314
Progressive County Mutual Insurance Premium Donal,28328
ACH Transaction - Acorns Invest Transfer NUMBER ,2683
Kindle Svcs*F087O4CJ3,3063
Kindle Svcs*US96Q7HQ3,4015
MICROSOFT*XBOX LIVE GO MSBILL.INFO WA,8671
affirm.com Payme affirm.com ST-HASH CUSTOMER NAME,88913
COMCAST CALIFORNIA  800-COMCAST         CA,9422
INSTACART*SHOPRITE HTTPSINSTACAR CA          09/16,41419
ANNUAL MEMBERSHIP FEE,29845
BESTBUYCOMNUMBER RICHFIELD           MN,102963
Point Of Sale Withdrawal NUMBER Kindle Unltd*HG3NY1BG3 866-321-8851 WAUS,3138
MY BEST BUY MASTERCARD Bill Payment,81948
BESTBUYCOMNUMBERRICHFIELD           MN,20307
CHKOUT HLU*HULU 1024HULU.COM/BILL       CA,3767
COMCAST OF HOUSTON 713-341-1000 TX           07/17,33191
"Withdrawal Debit Card CHECK CARD, MEMO: Amazon Music*MK0BF3P51 888-802-3080 WADate DATE NUMBER Card NUMBER",330
Amazon Music*707EP7WZ3,1429
"PAYMENT MICROSOFT*MICROSOFT 365 F MSBILL - MEMO=BillPayment, Withdrawal, Processed",3236
MICROSOFT*EA ACCESS 1 MON,1568
GODADDY.COM         480-505-8855        AZ,368
PAYPAL           INST XFER  GODADDY.COM     WEB ID: PAYPALSI77,5708
Amazon Music*MM09C62J 888-802-3080 WA        08/26,2510
affirm.com Payme ID: NUMBER  CO: affirm.com Payme,266241
Debit Card purchase ATT*BILL PAYMENT NUMBER 800-288-2020 TX,36461
COMCAST CALIFORNIA        800-COMCAST CA,14134
External W/D STATE FARM RO 27  - SFPP,27467
AplPay DOORDASH*SWEESAN FRANCISCO       CA,13085
Point Of Sale Withdrawal / DOORDASH DASHPASS 6506819470 CAUS,3138
PAYPAL           INST XFER  GODADDY.COM     WEB ID: PAYPALSI77,6198
Kindle Unltd*MU8GH2R30,3138
PROGRESSIVE *INSURANCE   800-776-4737 OH,15708
GODADDY.COM         480-505-8855        AZ,4709
POS #NUMBER *POS* PROGRESSIVE *INSURA OH 800-776-4737 DEB CARD WITHDRAWAL,65684
VISA - 03/18 BESTBUYCOMNUMBER,67384
Kindle Unltd*MF41I8P6 866-321-8851 WA        08/01,3138
Amazon Music*MJ6MI2 / 888-802-3080 WAUS : POS Transaction,2510
Amazon Music*M48GA4XR2,4709
GELSONS VIA INSTACART,31372
HLU*HULU NUMBER HULU.COM/BILLCA - NUMBER ,5180
INSTACART*ALDI HTTPSINSTACARCA,23562
Recurring Debit Purchase 03/13 card NUMBER Microsoft*xbox Msbill.info Wa,3138
BURGER KING  3179,4555
VISA - 01/23 AMAZON MUSIC*0F8MK9,1345
DEBIT PURCHASE Merchant_5812 / DOORDASH DASHPASS NUMBER A NUMBER 0000 Jan 29,3138
GROUPON INC GROUPON.COM IL Withdrawal Debit Card Signature Debit Date 01/01/20 NUMBER Card NUMBER Card Transaction,2658
Kindle Unltd*ZM8D429D3,3138
MICROSOFT*STORE           MSBILL.INFO WA,19688
GODADDY.COM         480-505-8855        AZ,10992
Payment to Microsoft Corporation,625
AMAZON MUSIC*MV9NL5N888-802-3080        WA,4081
PROG SELECT INS ID: NUMBER CO: PROG SELECT INS,39644
BEST BUY TYPE: PAYMENT  ID: CITICTP  CO: BEST BUY ACH ECC WEB,47124
Debit Card BURGER KING #13724 OMAHA NE Date 11/10/20 ,2673
DOORDASH DASHPASS   SAN FRANCISCO       CA,3138
BESTBUYPHONEPLNUMBER MINNEAPOLIS MN,9418
PROGRESSIVE INS 800-776-4737 OH Terminal ID: NUMBER Serial #: NUMBER,141535
AMAZON MUSIC*MU2Q91M888-802-3080        WA,2765
BURGER KING  6780 SPEARFISH SD SIGN PURCH 09/18/20 NUMBER,2463
MICROSOFT*XBOX -- / MSBILL.INFO WAUS : POS Transaction,3138
DDA PUR Microsoft* Microsoft*Xbox Redmond WA   #NUMBER,1665
GROUPON INC,1568
Check Card: PAYPAL *HULU 402-935-7733 CA 01/20/20Card 17 #4807,18441
GODADDY.COM         480-505-8855      AZ,3509
ANNUAL MEMBERSHIP FEE,29845
COMCAST CHICAGO 800-COMCAST IL,26427
INSTACART SUBSCRIPTION HTTPSINST,3138
POS Transaction / PLAYSTATION NETWORK 800-345-7669 CAUS,5652
BESTBUYCOMNUMBER,11285
affirm.com Payme/affirm.com CUSTOMER NAME,21168
MICROSOFT*XBOX LIVE REDMOND,3138
COMENITY PAY SB  WEB PYMT   PNUMBER WEB ID: NUMBER,9425
DNH*GODADDY.COM 480-5058855 AZ,11417
GROUPON INC GROUPON.COM IL HASH,4002
ANNUAL MEMBERSHIP FEE,23562
ACH Debit Acorns Invest Transfer NUMBER,6283
ANNUAL MEMBERSHIP FEE,46810
BURGER KING  27568,1967
ANNUAL MEMBERSHIP FEE,29845
ANNUAL MEMBERSHIP FEE,29845
Payment to Microsoft Corporation,6280
DOORDASH*RAISING CANSAN FRANCISCO       CA,6472
DNH*GODADDY.COM 09/02 PURCHASE 480-5058855 AZ,9422
Bill Payment Withdrawal: #888888 MICROSOFT*XBOX LIVE GOLD -- MSBILL.INFO WA,7851
DEBIT FOR  PLANET FIT       CLUB FEES   CO REF- NUMBER,7785
XXNUMBER POS PURCHASE 10/14 11:17 XXNUMBER NNT BURGER KING TUPELO MS,3396
Point Of Sale Withdrawal Microsoft 1 Microsoft Way Redmond WAUS,18846
"Withdrawal EFT PROG DIRECT INS, MEMO: TYPE: INS PREM ID: NUMBER CO: PROG DIRECT INS",33257
GROUPON,317
"CK CARD MICROSOFT*XBOX, REDMOND, WA.",6720
PLAYSTATION NETWORK 800-345-7669        CA,23939
Bill payment Withdrawal - PAYPAL *PLAYSTATION,7059
BESTBUYCOMNUMBER 888-BESTBUY MN        03/26,8401
GEICO  *AUTO,26327
COMENITY PAY NS DES:WEB PYMT ID:PNUMBER INDN:CUSTOMR NAME CO ID:XXXXXNUMBER WEB,55349
Kindle Unltd,3349
- PLANET FIT CLUB FEES,7245
COMCAST 800-COMCAST NJ 47377982WA93HFNL,154475
Withdrawal MICROSOFT*EA ACCESS 1 M MSBILL.INFO WA Date 07/01/20 NUMBER NUMBER,1722
External Withdrawal GEICO  - PREM COLL,19651
PLAYSTATION NETWORK      800-345-7669 CA,6280
"Bill payment Withdrawal SIE*PLAYSTATIONNETWORK  877-971-7669, CA",3138
Payment to Wowgo Best Buy,8165
Subscription DES:Acorns ID:HASH INDN:CUSTOMER NAME CO ID:XXXXXNUMBER WEB,314
INSTACART SUBSCRIPTION,3138
COMCAST CALIFORNIA  800-COMCAST         CA,21991
INSTACART SUBSCRIPTION 08/30 PURCHASE HTTPSINSTACAR CA,3138
Kindle Svcs*M72BU2D21,4097
GROUPON INC         877-788-7858        IL,84509
INSTACART 02/13 PURCHASE HTTPSINSTACAR CA,21460
DEBIT CARD STATE FARM INSURANCE 800-956-6310 IL STATE FARM,48026
SIE*PLAYSTATIONNETWORK,8401
GOOGLE*GOOGLE STORAGE INTERNET CA,6280
BEST BUY TYPE AUTO PYMT ID CITI - MEMO=BEST BUY TYPE AUTO PYMT ID CITIAUTFDR CO BEST BUY,38327
ACH Electronic Debit - Acorns Invest Transfer HASH,1571
ACH Electronic Debit - COMENITY PAY UR WEB PYMT PNUMBER,15708
Withdrawal INSTACART HTTPSINSTACAR CA Date 10/15/20 NUMBER,53395
WDRL-ACH GEICO - PREM COLL,47856
GOOGLE*GOOGLE STOR INTERNET CA Ref:NUMBER Auth:NUMBER PurchDate:1/1/2020 12:00:00 AM,1005
Amazon Music*Q328936E3,2510
PAYPAL *HULU 402-935-7733 CA                 07/02,4414
Amazon Music*MM2I74RW1,2510
AT&T*BILL PAYMENT 8003310500 TX,86670
POS Withdrawal (FIS) GOOGLE *Google GOOGLE *Google S Mountain View CA(NUMBER),666
DBT/WDR*NUMBER MICROSOFT*XBOX MSBILL.INFO WA,3296
RECURRING DEBIT CARD XXXXXNUMBER PlaystationNetwork XXXXXNUMBER CA,3327
affirm.com Payme/affirm.com CUSTOMER NAME,12258
GROUPON INC         877-788-7858        IL,2815
ACH WEB-SINGLE ST-HASH AFFIRM.COM PAYME AFFIRM.COM,38224
GOOGLE*GOOGLE STORAGE,625
Amazon Music*2T74540F0,333
POS PAYMENT FR          110820 INSTACART      8882467822   CA,62175
COMENITY PAY VI WEB PYMT 081320 PNUMBER CUSTOMER NAME,12566
ANNUAL MEMBERSHIP FEE,29845
POS Withdrawal (FIS) Kindle Unltd*MM Kindle Unltd*MM6EO4 866-321-8851 WA(NUMBER),3336
Comenity Payment,10996
STATE FARM RO 27 RETRY PYMT ***********NUMBER,62285
GROUPON INC GROUPON.COM ILUS,11872
ACH TELSINGLE XXXXXNUMBER BEST BUY PAYMENT,47124
PlaystationNetwork 04/22 PURCHASE 800-3457669 CA,26512
SIE*PLAYSTATIONNETWORK 877-971-7669 CA,3336
ANNUAL MEMBERSHIP FEE,29845
AplPay DOORDASH*POTBSAN FRANCISCO       CA,7144
9942 PLANET FITNESS,270
INSTACART           SAN FRANCISCO       CA,12566
DEBIT FOR  ACORNS INVEST    TRANSFER    CO REF- HASH,62832
ACH DEBIT- COMENITY PAY JT 800-395-5714,16057
BEST BUY         PAYMENT    NUMBER WEB ID: CITICTP,94248
PLANET FIT       CLUB FEES  ***********NUMBER,3142
GOOGLE*GOOGLE STORAG G.CO HELPPAY#,625
Debit Card Recurring  GEICO *AUTO 800-841-3000 DC #NUMBER,42003
GOOGLE*GOOGLE STORAGE INTERNET CA            08/29,939
Kindle Svcs*V26NV2483,3245
GODADDY.COM         480-505-8855        AZ,5708
BEST BUY DES:PAYMENT ID:XXXXXNUMBER INDN:CUSTOMER NAME ID:CITICTP WEB,43982
DEBIT CARD PURCHASE MERCHANT PURCHASE TERMINAL NUMBER  PlaystationNetwor DEBIT CARD PURCHASE,4401
AplPay DOORDASH*TACOSAN FRANCISCO       CA,4700
ANNUAL MEMBERSHIP FEE,29845
GEICO AUTO WASHINGTON /DC US CARD PURCHASE,17671
Electronic Withdrawal Prog Direct Ins,98143
ACH Withdrawal affirm.com Payme affirm.com CUSTOMER NAME        ST-HASH,20348
DOORDASH*SUBWAY     SAN FRANCISCO       CA,6088
Withdrawal STATE FARM RO 27 / TYPE: SFPP CO: STATE FARM RO 27,16870
Debit Card W/D AFFIRM.COM PAYMENTS AFFIRM.COM CA Date 07/23/20 NUMBER,14913
BURGER KING #4155,1967
Debit Card Debit  BURGER KING #9818 Q07 LIBERAL KS #0313,2570
COMCAST CABLE COMM,48283
Payment to Microsoft Corporation,3390
Kindle Unltd*UI72537L 866-321-8851 WA        04/16,3138
Point Of Sale Withdrawal NNT / BURGER KIN 80 ROUTE 17K. NEWBURGH NYUS,3186
WITHDRAW / PROG DIRECT INS INS PREM NUMBER ,73004
COMCAST CABLE COMM,20065
Pinned POS Debit 07/30 WA MSBILL.INFO NNT MSBILL.INFO SEQ# XXNUMBER,10339
Recurring Payment DOORDASH DASHPASS NUMBER CA #6993,3138
GOOGLE *GOOGLE STORAGE 855-836-3987 CA HASH,939
ANNUAL MEMBERSHIP FEE,141372
BURGER KING #1,2218
GEICO           NUMBER PREM C,46741
TYPE: WEB PYMT ID: NUMBER DATA: 800-395-5714 CO: COMENITY PAY RD Entry Class Code: WEBACH Trace Number: NUMBER /Withdrawal ACH COMENITY PA,10996
Mobile Purchase Sign Based 06/25 04:59p #NUMBER DHASH GROUPON INC GROUPON.COM IL 20,8247
Withdrawal Debit MICROSOFT*ULTIMATE 1 MO MSBILL.INFO WA Date 06/25/20 NUMBER Card NUMBER,4709
AplPay GROUPON INC  877-788-7858        IL,24881
Kindle Svcs*MY5EE1BH0,4084
AplPay INSTACART    SAN FRANCISCO       CA,15667
PAYPAL           INST XFER  BESTBUY COM     WEB ID: PAYPALSNUMBER,1005
Microsoft*Xbox msbill.info WA Sale,4081
INSTACART*ALDI HTTPSINSTACAR CA              10/01,24464
GOOGLE *Google Storage,625
GROUPON INC         877-788-7858        IL,4006
Kindle Unltd*M44DD9A0 866-321-8851 WA        09/15,3138
COMENITY PAY OT  WEB PYMT   PNUMBER WEB ID: NUMBER,15708
DOORDASH*EL SALITRE SAN FRANCISCO       CA,8413
Microsoft*Xbox,18846
Payment to HLU*HULU NUMBER   ,1882
ACH TRANS / affirm.com Payme;101420;affirm.com,91012
DOORDASH*CUPBOP     SAN FRANCISCO       CA,5796
PAYPAL INST XFER 200102 MICROSOFT ONEDR CUSTOMER NAME ,625
Withdrawal Debit Card GROUPON INC GROUPON.COM IL Card NUMBER,1571
POS Withdrawal (FIS) NNT BURGER KING 363 SCHUYLKILL ROAD PHOENIXVILLE PA(8788),2934
PURCHASE AUTHORIZED ON 07/05 PlaystationNetwork 800-3457669 CA SNUMBER CARD NUMBER,16999
AT&T*BILL PAYMENT 800-331-0500 TXUS DEBIT,28727
Subscription DES:Acorns ID:HASH INDN:CUSTOMER NAME CO ID:XXXXXNUMBER WEB,314
BEST BUY         PAYMENT    NUMBER WEB ID: CITICTP,62832
"DIRECT WITHDRAWAL, ACORNS INVEST TRANSFER",3669
Withdrawal SIG Trnsctn 08.06 - AFFIRMCOM PAYMENTS - AFFIRM.COM PAYMENTS AFFIRM.COM CA,17995
Debit Card purchase GROUPON INC NUMBER GROUPON.COM IL,28271
Payment to Hulu,2036
ELECTRONIC/ACH DEBIT ACORNS INVEST    TRANSFER   HASH            NUMBER  ,6283
ANNUAL MEMBERSHIP FEE,141372
Subscription 855-739-2859 Acorns,1571
PROG SELECT INS INS PREM / CUSTOMER NAME,5027
BURGER KING #99 06/12 PURCHASE TAMPA FL,4753
DOORDASH            SAN FRANCISCO       CA,14816
PURCHASE 04-10 PAYPAL *MICROSOFT XBOX 402-935-7733   WA VNT NUMBER,2083
DOORDASH DASHPASS,3138
PAYPAL           INST XFER  MICROSOFT STORE WEB ID: PAYPALSI77,34146
WITHDRAWAL BY CASH 706 NORTH RIVERSIDE ESPANOLA NM BURGER KING #4852,7797
ACH Withdrawal COMENITY PAY VI 800-395-5714 - WEB PYMT,17279
BESTBUY RENEWANUMBER 800-4335778 MN        03/26,2824
GROUPON INC              GROUPON.COM  IL,16336
STATE FARM RO 27    SFPP         ACH Entry Memo Posted Today,8011
Payment/Transfer Debit DOORDASH DASHPASS      WWW.DOORDASH.CAUS,3138
COMENITY PAY BH WEB PYMT 020620 PNUMBER CUSTOMER NAME,31416
BEST BUY            EL SEGUNDO          CA,10317
ANNUAL MEMBERSHIP FEE,31102
UNITED FIN CAS INS PREM NUMBER NUMBER CUSTOMER NAME,88684
MICROSOFT XBOX,719
ATT Payment 010620 NUMBER EPAYS Family Name,8718
Web Authorized Pmt Acorns,7854
affirm.com Payme TYPE: affirm.com ID: NUMBER CO: affirm.com Payme ACH ECC WEB ACH Trace NUMBER,30602
WEB INITIATED PAYMENT AT Acorns Invest Transfer HASH 050420,1722
GEICO PREM COLL,22532
DOORDASH*CHIPOTLE   SAN FRANCISCO       CA,5633
MICROSOFT*XBOX      REDMOND,1568
DEBIT DOORDASH DASHPASS 6506819470 CAU - MEMO=DOORDASH DASHPASS 6506819470 CAUS,3138
Microsoft*Xbox Redmond WA                    06/10,3138
XX4798 PURCHASE 06/14 09:45 Kindle Unltd*MS0 866-321-8851 WA NUMBER NUMBER,3365
Subscription 855-739-2859 Acorns,942
GROUPON INC GROUPON.COM IL HASH,2265
RECURRING PAYMENT AUTHORIZED ON 01/11 INSTACART SUBSCRIP HTTPSINSTACAR CA NUMBER CARD NUMBER,3138
Debit Card Purchase 10/27 #5854 INSTACART 8882467822 CA NUMBER,54463
ACH Withdrawal BEST BUY,62832
DOORDASH*DENNYS     SAN FRANCISCO       CA,8561
SIE*PLAYSTATIONNETWORK,7851
POINT OF SALE DEBIT GOOGLE *GOOGLE STORAGE     MOUNTAIN VIEWCA  ,625
debit card GOOGLE*GOOGLE STORAGE INTERNET CA Date 06/26/20 0 NUMBER,625
BESTBUYCOMNUMBER,120722
ATT              PAYMENT,60055
PROG ADVANCED    INS PREM                   PPD ID: 9409348096,36483
ANNUAL MEMBERSHIP FEE,29845
"Groupon, Inc. 06/20 PURCHASE 312-288-6424 IL",10681
PAYPAL           INST XFER  PLAYSTATION     WEB ID: PAYPALSI77,1012
"BESTBUY.COM, 888-BESTBUY Sale",66721
POS purchase on 05/12/20 at GEICO  *AUTO - MACON DC,59957
GOOGLE *Google Storage,625
Card Purchase - PROGRESSIVE INS,25708
ACH WITHDRAWAL - STATE FARM RO 27 SFPP       ***********NUMBER,62285
SIE*PLAYSTATIONNETWORK,8372
CHECK #  Processed Check - COMENITY CARD    TYPE: CHECK PYMT ID: NUMBER    Entry Class Code: ARC    ACH Trace Number: NUMBER,62832
AT&T*BILL PAYMENT,26619
MICROSOFT*XBOX,20025
ATT              Payment                    PPD ID: NUMBER,25265
WITHDRAWAL WEB PYMT   COMENITY PAY OH PNUMBER,9425
XXNUMBER POS PURCHASE Amazon Music*2T0 888-802-3080 WA XXXXNUMBER XXNUMBER,1253
WITHDRAWAL AMAZON MUSIC*MY3ET32K0 DATE DATE,2661
PROG DIRECT INS  INS PREM                   PPD ID: NUMBER,60959
Kindle Svcs*1N2927KQ3    866-321-8851 WA,625
ANNUAL MEMBERSHIP FEE,29845
Kindle Svcs*CY7620O23,3610
Instacart Httpsinstacar Ca,30159
Point Of Sale Withdrawal SIE*PLAYSTATIONNETWORK 877-971-7669 CAUS,3138
STATE FARM RO 27 SFPP PPD ***********NUMBER,10838
ATT*BILL PAYMENT,15708
External WD STATE FARM RO 27 - SFPP No Category,103424
POS Debit - Visa Check Card 5935 - AMAZON MUSIC*M441W 888-802-30,2510
STATE FARM RO 27 SFPP                       PPD ID: NUMBER,3717
affirm.com Payme/affirm.com/110620,11718
KINDLE SVCS*IX1RD7XC3 866-321-8851 WA HASH,3296
GROUPON INC,9896
MICROSOFT*XBOX,3138
affirm.com Payme TYPE: affirm.com ID: NUMBER CO: affirm.com Payme ACH ECC WEB ACH Trace NUMBER,7040
POS Debit - Visa Check Card NUMBER - PROGRESSIVE *INSUR 800-776-47,51739
PROG COUNTY MUT  INS PREM CUSTOMER NAME XXXXXNUMBER  CUSTOMER NAME,25491
Kindle Unltd*CI13H8333,3327
TELEPHONE INITIATED PAYMENT AT COMENITY PAY OH PHONE PYMT PNUMBER,4712
CAVIAR*THE COOK AND SAN FRANCISCO       CA,23798
COMENITY PAY VI 800-395-5714 WEB PYMT,81678
COMENITY PAY UR DES:WEB PYMT ID:PNUMBER INDN:CUSTOMER NAME CO ID:CUSTOMER ID WEB,1367
PLANET FIT CLUB FEES PPD,6280
COMCAST/XFINITY 800-266-2278 FL,41535
DOORDASH DASHPASS WWW.DOORDASH. CA           02/10,3138
PURCHASE AUTHORIZED ON 05/11 Kindle Svcs*735X22 866-321-8851 WA ACCOUNT NUMBER CARD NUMBER,3280
Point Of Sale Withdrawal  Kindle Unltd*4Z0BY     866-321-8851 WAUS,3138
COMENITY PAY VI  WEB PYMT   PNUMBER WEB ID: NUMBER,11624
Recurring POS MICROSOFT*XBOX REDMOND WA #NUMBER,3396
MICROSOFT*XBOX,15705
Microsoft*Xbox,6820
PROGRESSIVE *INSURANCE 800-776-4737 OH,31416
POS PUR PLAYSTATION NETWORK 800-345-7669 CA NUMBER *****NUMBER 04/17,12563
Point Of Sale Withdrawal / Amazon Music*MV3AZ4888-802-3080 WAUS,5105
Kindle Svcs*RF9TW83L3,1781
POS Withdrawal (FIS) Kindle Unltd*M4 Kindle Unltd*M40K96 866-321-8851 WA(NUMBER),3336
ANNUAL MEMBERSHIP FEE,31102
Kindle Svcs*LU4AO8E23,4238
"Payment to GoDaddy.com, LLC",7021
DNH*GODADDY.COM              480-5058855  AZ,2661
MICROSOFT*XBOX      REDMOND,3138
PAYPAL *GROUPON INC      402-935-7733 KY,51013
Electronic Withdrawal Planet Fit,7223
HLU*HULU NUMBER HULU.COM/BILL       CA,4263
AplPay DOORDASH*POTBSAN FRANCISCO       CA,12620
GROUPON INC       GROUPON.COM IL #00000,4712
COMENITY PAY IL 800-395-5714 WEB PYMT,15708
STATE FARM INSURANCE 8009566310 IL,88819
ELECTRONIC/ACH DEBIT ACORNS INVEST    TRANSFER   HASH            NUMBER  ,1571
DNH*GODADDY.COM 480-5058855 AZ,6019
SUBSCRIPTION ACORNS,942
ACH Withdrawal Acorns Invest Transfer CUSTOMER NAME 855-739-2859,1587
Payment to Progressive Direct Insurance,17960
MICROSOFT*OFFICE 365 P MSBILL.INFO WA        03/02,2391
Microsoft,3358
Amazon Music*MV3XA4SN0,1379
"ACH Withdrawal BEST BUY, AUTO PYMT, CUSTOMER NAME",15708
KINDLE SVCS MG8RD19Z2 866 321 SIGN PURCH 05/02/20 NUMBER,2623
COMENITY PAY OT/WEB PYMT CUSTOMER NAME.,15708
ACH WITHDRAWAL - affirm.com Payme affirm.com ***********HASH,44510
"Groupon, Inc.",10537
WEB PYMT   COMENITY PAY OH,15708
POS PURCHASE NON PIN GEICO AUTO,44695
POS Withdrawal Microsoft  Redmond WA,7537
INSTACART           SAN FRANCISCO       CA,1219
ANNUAL MEMBERSHIP FEE,31102
INSTACART SUBSCRIPTION HTTPSINST,3138
WITHDRAW / COMENITY PAY OH WEB PYMT 030320,9425
GOOGLE*GOOGLE STORAG G.CO HELPPAY#,939
Amazon Music,311
STATE FARM RO 27,62251
Withdrawal / Amazon Music*MJ5NY2N41 888-802-3080 WA Date DATE NUMBER NUMBER,2749
DNH*GODADDY.COM          480-5058855  AZ,5708
INSTACART           SAN FRANCISCO       CA,48550
Subscription Acorns 081020 HASH CUSTOMER NAME,942
GEICO  *AUTO,29924
DEBIT INSTACART SUBSCRIPT 8882467822 C - MEMO=INSTACART SUBSCRIPT 8882467822 CAUS,3138
Point Of Sale Withdrawal Microsoft 1 Microsoft Way Redmond WAUS 08/26 @ 09:39 PM,1351
COMCAST 800-266-2278 GA,50774
COMCAST 800-COMCAST NJ,70717
TYPE: INS PREM ID: NUMBER CO: PROG DIRECT INS,21027
COMENITY PAY II  WEB PYMT   PNUMBER WEB ID: NUMBER,21049
PLANET FIT       CLUB FEES                  PPD ID: NUMBER,13264
INSTACART           SAN FRANCISCO       CA,58396
AplPay DOORDASH*JETSSAN FRANCISCO       CA,14231
COMENITY PAY OH RETRY PYMT PXXXXXXXXXXNUMBER,10996
DNH*GODADDY.COM,3509
AT&T MOBILE RECURRIN800-288-2020        TX,81675
Microsoft,1671
INSTACART HTTPSINSTACAR CA                   09/01,39339
"PURCHASE 03-12 MICROSOFT*XBOX LIVE GO MSBILL.INFO, WA MCI NUMBER",3346
POS Debit GEICO  *AUTO      MACON        DC            NUMBER,45339
ANNUAL MEMBERSHIP FEE,21677
Microsoft,4709
DEBIT FOR  PROG ADVANCED    INS PREM    CO REF- XXXXXNUMBER CUSTOMER NAME,63564
AT&T*BILL PAYMENT,47520
affirm.com Payme affirm.com ST-HASH WEB ID: NUMBER,4276
CKCD DEBIT NUMBER 10/26 00:00 GROUPON IN C NUMBER IL,14926
ACH WITHDRAWAL - COMENITY PAY OT  WEB PYMT   ***********NUMBER,28274
DOORDASH DASHPASS WWW.DOORDASH. CA           04/30,3138
Debit Card Amazon Music*MF76K3SF1 888-802-3080 WA Date 08/06/20 NUMBER Card 10 #NUMBER,5039
INSTACART,16965
PLANET FIT,7427
BURGER KING #9461 BURGER KING #9461 WATERVLIET            MI DBT PURCHASE ON 03/31 @ 13:29 CARD NBR: NUMBER,2686
PLANET FIT CLUB FEES  515-528-2329,7392
DOORDASH*BEACH PLUM SAN FRANCISCO       CA,24753
HLU*HULU NUMBER HULU.COM/BILLCA - NUMBER,3767
DBT Purchase Amazon Music*MS3 |Amazon Music*MS3ZA6 888-802-3080 WA US|CARD NBR: NUMBER DATE TIME POS Withdrawal,2752
ATM Debit PLAYSTATION NETWORK 919 E Hillsdale Blvd 800-345-7669 CAUS,30106
ANNUAL MEMBERSHIP FEE,23562
Point Of Sale Withdrawal  BESTBUYCOMNUMBER 888-BESTBUY  MNUS,43288
POS SIG DATE VISA #NUMBER Amazon Music*NUMBER 888-802-3080 WA,2711
ANNUAL MEMBERSHIP FEE,29845
INSTACART 8882467822 CA,10917
XX2207 VISA PURCHASE BURGER KING #166 STERLING CO NUMBER,1951
PROG SELECT INS  INS PREM                   PPD ID: NUMBER,38387
PLANET FIT       CLUB FEES,12252
Kindle Svcs*MY4AS1971,782
PLAYSTATION NETWORK,2510
HLU*Hulu NUMBER HULU.COM/BILL CA        02/24,4078
BESTBUYPHONEPLNUMBER 800-4335778 MN        03/26,3138
INSTACART 8882467822 CA,644
RECURRING PAYMENT AUTHORIZED ON 05/07 GOOGLE*GOOGLE STOR INTERNET CA SNUMBER CARD NUMBER,625
PROG COUNTY MUT INS PREM 200302 NUMBER CUSTOMER NAME,43813
BESTBUYCOMNUMBER,112353
DEBIT FOR  ACORNS INVEST    TRANSFER    CO REF- HASH,3142
WITHDRAW / Acorns Invest Transfer 090820,2099
PAYPAL INST XFER GODADDY.COM,3343
ATT              Payment                    PPD ID: NUMBER,27451
ANNUAL MEMBERSHIP FEE,141372
Debit Card Recurring  MICROSOFT *XBOX MSBILL.INFO WA #NUMBER,4951
GEICO            PREM COLL                  PPD ID:NUMBER,9186
COMCAST CABLE COMM  800-COMCAST         FL,20414
Withdrawal Visa Check Card DOORDASH DASHPASS WWW.DOORDASH. CA Date 06/24/20 NUMBER 5812,3138
Kindle Svcs*7O3EN6LV3,2196
INSTACART*ALDI      SAN FRANCISCO       CA,10647
PRE-AUTHORIZED DEBIT COMENITY PAY VI/WEB PYMT,67164
BESTBUY.COM,82281
GODADDY.COM         480-505-8855        AZ,2661
External Withdrawal COMCAST NUMBER 800-COMCAST - NUMBER,27611
affirm.com Payme affirm.com ST-HASH CUSTOMER NAME ,18627
BESTBUYCOMNUMBERRICHFIELD           MN,13537
DEBIT CARD PURCHASE XXXXXNUMBER AFFIRM.COM PAYMENTS AFFIRM.COM CA,109849
Microsoft*Xbox,3358
BEST BUY DES:PAYMENT ID:XXXXXNUMBER INDN:CUSTOMER NAME CO ID:CITICTP WEB,18476
AFFIRM.COM PAYMENTS AFFIRM.COM CA,15834
Platinum Rewards INSTACART SUBSCRIPTION  CA Date 04/02/20 0           NUMBER Card 46 #TOKEN,3138
PLAYSTATION NETWORK      800-345-7669 CA,3138
ANNUAL MEMBERSHIP FEE,29845
PURCHASE 0201 GROUPON INC GROUPON.COM IL NUMBER,12252
COMENITY PAY IL  WEB PYMT,204204
WEB PYMT   PNUMBER COMENITY PAY IL,15708
WEB S   GEICOGEICO PYMT  CO ID # NUMBER,50187
GOOGLE *Google Storage,939
GROUPON INC         877-788-7858        IL,5444
DNH*GODADDY.COM,2510
DOORDASH*ROAM ARTISASAN FRANCISCO       CA,6575
DOORDASH*SOFRITO LATSAN FRANCISCO       CA,9453
INSTACART,32987
GROUPON INC GROUPON.COM IL HASH,5234
05/31/20 - GOOGLE SMG STUDIO INTERNET CA,782
Payment to Groupon Inc,15086
MICROSOFT   *XBOX        MSBILL.INFO  WA,2014
Debit: Signature purchase from ACCT NUMBER Kindle Unltd*MM0CH2NT0 866-321-8851 US,3349
ANNUAL MEMBERSHIP FEE,29845
DOORDASH*DOUGH ZONE SAN FRANCISCO       CA,6578
PLAYSTATION NETWORK      800-345-7669 CA,3138
Network Purchase BURGER KING #9767 Q07 MACCLENNY FL 44613,4599
affirm.com Payme,28102
Bill Pmt W/D: #NUMBER MICROSOFT*OFFICE 365 PERS MSBILL.INFO WA,2196
DOORDASH*SOUTHERN BASAN FRANCISCO       CA,10509
DBT/WDR*NUMBER DOORDASH DASHPASS          6506819470     CA,3138
DEBIT FOR  COMENITY PAY RD  RETRY PYMT  CO REF- PNUMBER,2400
Purchase: 00000000 1 Microsoft Way Redmond WA Card: ****HASH 06/11/2020,6946
Kindle Unltd*MK4JS7TF1,3138
XXNUMBER CHK PURCH SIG BESTBUYCOMXX5699 888-BESTBUY MN 356 XXNUMBER,2680
Microsoft*Subscription msbill.info WA        02/02,5127
Point Of Sale Withdrawal DOORDASH DASHPASS 6506819470 CAUS,3138
GROUPON INC,8658
STATE FARM RO 27 SFPP       ***********NUMBER,22572
DEBIT CARD PURCHASE  PLAYSTATION NETWORK  800-345-7669   CA,15702
INSTACART SUBSCRIPTION,3138
POS WD PROGRESSIVE INS 800-776-4737 OHUS,37174
Pending: GROUPON INC,1568
ANNUAL MEMBERSHIP FEE,172788
ACH/PLANET FITCLUB FEES,7615
GOOGLE *Google Storage 08/02 PURCHASE 855-836-3987 CA,625
POS DEB NUMBER          Microsoft 1 Microsoft Way                         Redmond       WA,3358
INSTACART SUBSCRIPTION,3138
COMENITY PAY CP  WEB PYMT   ***********NUMBER,18850
ACH Transaction - Acorns Invest Transfer NUMBER,2890
Comcast,69775
"BESTBUYPHONEPLN, 800-433-5778 Sale",3443
Card Purchase - SIE*PLAYSTATIONNETW,3396
"Payment to GoDaddy.com, LLC",11417
INSTACART,18507
ANNUAL MEMBERSHIP FEE,31102
BURGER KING #22  1641,1747
PROG DIRECT INS DES:INS PREM ID:NUMBER INDN:CUSTOMER NAME CO ID:XXXXXNUMBER PPD,38535
AT&T MOBILE RECURRIN800-288-2020        TX,107995
Amazon Music*MK6SG5YL0,1357
BURGER KING #24920 NORTH LITTLE AR           06/25,1411
ACH DEBIT  CLUB FEES  PLANET FIT  TRACE NO: NUMBER,7540
Microsoft*Xbox Redmond WA,1706
GEICO PREM COLL CUSTOMER NAME ,41689
Withdrawal Debit Amazon Music*MU04C93M2 888-802-3080 WA Date DATE NUMBER Card NUMBER,5052
Kindle Unltd*DM3D47ZZ3 866-321-8851 WA Order Number NUMBER,3138
GEICO AUTO          (800)841-3000       DC,39499
Card purchase Microsoft*Xbox 4816 (2020-05-16) Redmond WA,1411
ATT              Payment                    PPD ID: NUMBER,46678
BURGER KING #12220,4238
Debit Card W/D: Check Card PLAYSTATION NETWORK 800-345-7669 CA Date 02/28/20 NUMBER NUMBER Card NUMBER,3138
Point Of Sale Withdrawal / Amazon Music*MS5QD4888-802-3080 WAUS,5105
Payment to Microsoft Corporation,3138
Comcast,21991
ELECTRONIC WITHDRAWAL / Acorns Invest Transfer 062420,1624
GROUPON INC,5655
DEBIT FOR  ACORNS INVEST    TRANSFER    CO REF- HASH,3142
PROGRESSIVE INSU CE 6300 WILSON MILLS RD 8,39320
BURGER KING #953 Q07 10/21 PURCHASE KENMORE NY DEBIT CARD *NUMBER,4606
PAYPAL *GROUPON IN 02-23 402-935,11652
DOORDASH DASHPASS 01/10 MOBILE PURCHASE WWW.DOORDASH. CA,3138
POS Withdrawal: #NUMBER GOOGLE *GOOGLE STORAGE MOUNTAIN VIEW CA Card NUMBER,625
GEICO AUTO          (800)841-3000       DC,20888
INSTACART 09/09 PURCHASE 8882467822 CA,20923
Amazon Music*2T8BJ6OV1,2831
PAYPAL           INST XFER  GOOGLE GOOGLE S WEB ID: PAYPALSI77,625
affirm.com Payme TYPE: affirm.com CO: affirm.com Payme ACH ECC WEB ACH Trace NUMBER,8225
Subscription 855-739-2859 Acorns,314
ACH DEBIT XXXXXNUMBER CUSTOMER NAME PROG CASUALTY INS PREM,56096
ANNUAL MEMBERSHIP FEE,29845
PLANET FIT 860-447-2279 CLUB FEES 860-447-2279,6698
GEICO  *AUTO                  POS     MACON         DC US        XXNUMBER,151045
CLUB FEES PLANET FIT NUMBER,7565
PROGRESSIVE INSU   CE (AP,173416
COMCAST 800-934-6489 MI                      07/04,23622
INSTACART           SAN FRANCISCO       CA,36609
INSTACART HTTPSINSTACAR CA                   09/08,34193
DEBIT CARD DEBIT NUMBER Microsoft*Xbox Redmond WA,3311
COMENITY PAY OH,12566
ANNUAL MEMBERSHIP FEE,23562
XXNUMBER PURCHASE 03/07 12:46 PLAYSTATION NETW 800-345-7669 CA XXXX0000 XXNUMBER,24253
PROG SPECIALTY INS PREM XXXXXNUMBER CUSTOMER,26785
WITHDRAW / Acorns Invest Transfer 110920,2758
GEICO *AUTO 800-841-3000 DC NUMBER,35029
ACH Electronic Debit - Acorns Invest Transfer HASH,1571
PAYPAL INST XFER 201001 PLAYSTATION TOKEN,3138
ACH/STATE FARM RO 27SFPP,79514
GOOGLE*GOOGLE STORAGE,625
Progressive Ins,21583
COMENITY PAY VI : WEB PYMT ID: xNUMBER CO: COMENITY PAY VI ACH ECC WEB ACH Trace xNUMBER,79577
ACH WITHDRAWAL - COMENITY PAY IL  WEB PYMT   ***********NUMBER,10996
GODADDY.COM         480-505-8855        AZ,7647
Microsoft Xbox,18846
WITHDRAW / PROG UNIVERSAL INS PREM NUMBER Eff. Date:,14687
INSTACART SUBSCRIPTION,3138
PROG COUNTY MUT  INS PREM                   PPD ID: NUMBER,70664
INSTACART           SAN FRANCISCO       CA,12548
AplPay DOORDASH*SHAKSAN FRANCISCO       CA,24768
"GOOGLE *GOOGLE STORAGE MOUNTAIN VIEW, CA, US",3138
PURCHASE AUTHORIZED ON 03/17 GEICO *AUTO STRING SNUMBER CARD NUMBER,110182
SIE*PLAYSTATIONNETWORK,8372
ACH Transaction - PROG COUNTY MUT INS PREM NUMBER,119849
Subscription     Acorns     HASH           WEB ID: NUMBER,314
COMENITY PAY CS TYPE: WEB PYMT  ID: NUMBER CO: COMENITY PAY CS ACH ECC WEB,10996
affirm.com Payme affirm.com ST-HASH WEB ID: NUMBER,8162
Amazon Music*280SU7WJ1,1253
BURGER KING #15569,11278
MICROSOFT*EA ACCESS 1 MON,1712
INSTACART 8882467822 CA                      09/11,68989
INSTACART SUBSCRIPTION 8882467822 CA,3138
CHECK CARD PURCHASE KINDLE UNLTD*MJ4U70942     866-321-8851 WA  ,3138
PLANET FIT CLUB FEES PPD,7819
MICROSOFT XBOX,2824
STATE FARM  INSURANCE,32289
COMENITY PAY OH 800-395-5714 WEB PYMT,10996
SIGNATURE DEBIT PROGRESSIVE INS 800-776-4737 OH Date 08/01/20 NUMBER  6300 Card 10 #NUMBER MCC NUMBER ,31102
COMENITY PAY OT DES:WEB PYMT ID:NUMBER INDN:CUSTOMER NAME CO ID:XXXXXNAME WEB,69115
GEICO PREM COLL,22532
DDA B/P NUMBER 03/22/20 NUMBER PROGRESSIVE *INSURANCE 800-776-4737 OH Card# NUMBER,70080
INSTACART SUBSCRIPTION HTTPSINSTACARCA,3138
COMENITY PAY IL WEB PYMT WEB,38327
WEB INITIATED PAYMENT AT Acorns Invest Transfer HASH 070620,5875
POS Debit AMAZON MUSIC*MJ11O4590 DBT CRD NUMBER DATE NUMBER 888-802-3080 WA Card# NUMBER,5086
ACH Withdrawal PLANET FIT,1630
WITHDRAW / Acorns Invest Transfer 070820,1577
Amazon Music*MF8JB,1253
BESTBUYPHONEPL00026104 800-4335778 MN        03/13,3138
MICROSOFT*XBOX LIVE GOLD,3138
ACH Electronic Debit - Acorns Invest Transfer HASH,1571
PAYPAL INST XFER GODADDY.COM,1593
Debit Purchase -visa 08/21 card NUMBER Dnh*godaddy.com 480-5058855 Az,3823
GOOGLE *Google Storage,625
BURGER KING #925 NY            11/03,8467
COMENITY PAY OH  WEB PYMT   PNUMBER WEB ID: NUMBER,62832
ACH Electronic Debit - affirm.com Payme affirm.com ST-HASH,48682
Check Card: BESTBUYCOMNUMBER 888-BESTBUY MN 04/06/20Card 17 #NUMBER,34005
PROG DIRECT INS DES:INS PREM ID:XXXXXNUMBER NAME INDN:CUSTOMER NAME CO ID:XXXXXNUMBER PPD,30888
affirm.com Payme TYPE: affirm.com  ID: NUMBER CO: affirm.com Payme,13983
PROG UNIVERSAL   INS PREM                   PPD ID: NUMBER,53982
AplPay DOORDASH*APPLSAN FRANCISCO       CA,17605
STATE FARM INSURANCEBLOOMINGTON         IL,74214
PAYPAL *PLAYSTATION 4029357733 CA,3280
DNH*GODADDY.COM              480-5058855  AZ,39873
Subscription Acorns 052620 HASH CUSTOMER NAME,314
PLANET FIT      CLUB FEES,7565
"Payment to GoDaddy.com, LLC",8372
AT&T MOBILE RECURRIN800-288-2020        TX,65009
DNH*GODADDY.COM,6280
Amazon Music*MM1KD CHK CARD PUR 888-802-3080 WA NUMBER POS,4709
COMENITY PAY IL  PHONE PYMT,18850
DEBIT FOR CHECKCARD XXXXXXNUMBER 09/10/20BURGER KING #4081 PHOENIX AZ,2215
DEBIT FOR ACORNS INVEST TRANSFER CO REF- HASH,2205
affirm.com Payme affirm.com ST-HASH WEB ID: NUMBER,77180
GROUPON INC / GROUPON.COM ILUS : POS Transaction,1568
AplPay DOORDASH*FLYISAN FRANCISCO       CA,8341
AT&T,55094
DOORDASH DASHPASS DDA POS PURCHASE       NUMBER,3138
INSTACART SUBSCRIPTION,3138
PURCHASE AUTHORIZED ON 05/21 INSTACART SUBSCRIP HTTPSINSTACAR CA SNUMBER CARD NUMBER,3138
Hulu,21360
STATE FARM INSURANCEBLOOMINGTON         IL,65238
ELECTRONIC/ACH DEBIT ACORNS INVEST    TRANSFER  HASH            NUMBER  ,15708
GROUPON INC GROUPON.COM IL,55449
DOORDASH*FRIENDLYS  SAN FRANCISCO       CA,7461
INSTACART 8882467822 Digital Account Number XXXXXXXXXXXXNUMBER,1228
KINDLE SVCS*0L3UZ440866-321-8851        WA,4709
DEBIT CARD DEBIT / auth #NUMBER 01-24-2020 PLAYSTATION NETWORK 800-345-7669 CA,7854
AT&T*BILL PAYMENT 800-331-0500 TX,74607
ACH Withdrawal COMENITY PAY JT WEB PYMT CUSTOMER NAME 800-395-5714,15708
External Withdrawal STATE FARM / RO 27 - SFPP,261622
DOORDASH DASHPASS WWW.DOORDASH.CA DEBIT CARD PURCHASE,3138
PLANET FIT CLUB FEES,6930
Card Purchase - ATT*BILL PAYMENT,6883
CKC DEBIT  NUMBER 06/09 00:00   PLAYSTATION NE 800 345 7669 CA,6280
PLAYSTATION NETWORK 919 E Hillsdale Blvd 8,7851
PAYPAL *PLAYSTATION,27360
Subscription Acorns 052220 HASH CUSTOMER NAME,314
PLANET FIT CLUB FEES NUMBER 720-204-2400,6930
ANNUAL MEMBERSHIP FEE,29845
POS Withdrawal (ELN) ABC*PLANET FITNESS ABC*PLANET FITNESS 860-2010033 CT(NUMBER),3343
affirm.com Payme affirm.com ST-HASH CUSTOMER NAME ,7207
Kindle Unltd*888TC3N63 866-321-8851 WA,3138
HLU*HULU NUMBER HULU.COM/BILL       CA,3767
GROUPON INC,24881
ANNUAL MEMBERSHIP FEE,31102
COMENITY PAY UR DES:WEB PYMT ID:PNUMBER INDN:CUSTOMER NAME CO ID:NUMBER WEB,57771
ANNUAL MEMBERSHIP FEE,29845
AplPay DOORDASH*VESSSAN FRANCISCO       CA,20395
DNH*GODADDY.COM 03/28 PURCHASE 480-5058855 AZ,1568
GOOGLE*GOOGLE STORAG G.CO HELPPAY#,625
DNH*GODADDY.COM 480-505-8855 AZ DNH*GODADDY.COM,7851
STATE FARM LOAN PYMT NUMBER,99965
Check Card Withdrawal / Microsoft*Xbox msbill.info WAUS,1455
Amazon Music*MS97W75K2,2510
DOORDASH DASHPASS,3138
DDA B/P NUMBER 07/23/20 NUMBER SIE*PLAYSTATIONNETWORK 877-971-7669 CA Card# NUMBER,3135
GROUPON INC GROUPON.COM IL,1885
BESTBUYCOMNUMBER   888-BESTBUY  MN,12560
